district,date,temp_moy,temp_max,humidite,precip_mensuel,cas
Bogo,2017-01-01,26.76,40.36,17.58,0.0,435.0
Bogo,2017-02-01,26.55,39.28,11.62,0.0,343.0
Bogo,2017-03-01,30.58,42.65,11.61,0.0,321.0
Bogo,2017-04-01,34.47,44.3,23.37,1.8,245.0
Bogo,2017-05-01,32.31,43.24,47.01,73.47,177.0
Bogo,2017-06-01,29.28,40.35,62.29,90.3,228.0
Bogo,2017-07-01,27.18,34.87,73.51,193.13,636.0
Bogo,2017-08-01,25.72,32.31,82.19,250.17,1033.0
Bogo,2017-09-01,26.28,34.0,78.56,113.1,1871.0
Bogo,2017-10-01,27.63,37.81,54.77,16.74,1881.0
Bogo,2017-11-01,27.31,39.56,26.09,0.0,749.0
Bogo,2017-12-01,26.13,38.1,21.2,0.0,771.0
Bogo,2018-01-01,22.44,35.23,14.59,0.0,216.0
Bogo,2018-02-01,29.29,41.97,15.98,3.36,175.0
Bogo,2018-03-01,31.34,42.42,12.25,0.0,256.0
Bogo,2018-04-01,33.84,44.44,23.12,5.1,236.0
Bogo,2018-05-01,31.93,43.06,51.06,54.87,139.0
Bogo,2018-06-01,29.94,41.21,58.7,98.4,120.0
Bogo,2018-07-01,27.19,35.24,72.27,230.02,922.0
Bogo,2018-08-01,25.46,31.44,83.08,288.61,1757.0
Bogo,2018-09-01,25.92,32.54,82.17,162.9,1739.0
Bogo,2018-10-01,27.55,37.2,68.93,18.6,2057.0
Bogo,2018-11-01,27.3,38.35,36.44,1.5,1573.0
Bogo,2018-12-01,24.88,37.3,23.18,0.0,1092.0
Bogo,2019-01-01,25.43,38.85,16.32,0.0,263.0
Bogo,2019-02-01,27.45,40.77,14.73,0.28,168.0
Bogo,2019-03-01,32.03,43.91,13.81,0.0,230.0
Bogo,2019-04-01,34.44,44.5,18.18,0.6,261.0
Bogo,2019-05-01,33.35,44.89,43.03,46.81,158.0
Bogo,2019-06-01,29.55,39.84,63.46,205.8,193.0
Bogo,2019-07-01,26.8,35.26,76.44,153.45,627.0
Bogo,2019-08-01,25.41,31.33,82.54,184.45,939.0
Bogo,2019-09-01,26.77,34.83,76.88,87.3,890.0
Bogo,2019-10-01,26.81,35.92,73.34,69.44,1331.0
Bogo,2019-11-01,27.49,38.5,45.28,0.0,1418.0
Bogo,2019-12-01,24.03,36.52,21.33,0.0,1247.0
Bogo,2020-01-01,23.92,37.66,18.22,0.0,747.0
Bogo,2020-02-01,26.67,40.97,15.21,0.0,323.0
Bogo,2020-03-01,31.61,43.24,16.7,0.0,426.0
Bogo,2020-04-01,34.09,44.6,26.43,8.7,363.0
Bogo,2020-05-01,32.73,43.65,45.37,24.18,390.0
Bogo,2020-06-01,32.19,42.34,48.26,37.5,360.0
Bogo,2020-07-01,28.27,38.55,65.62,104.78,582.0
Bogo,2020-08-01,26.33,34.85,75.81,148.18,1978.0
Bogo,2020-09-01,26.13,34.25,78.46,145.5,1290.0
Bogo,2020-10-01,27.13,37.08,62.2,35.65,2490.0
Bogo,2020-11-01,26.96,37.56,37.29,0.0,2208.0
Bogo,2020-12-01,26.57,38.29,24.03,0.0,2175.0
Bogo,2021-01-01,25.98,38.72,17.94,0.0,1776.0
Bogo,2021-02-01,26.44,39.23,14.2,0.0,1737.0
Bogo,2021-03-01,31.89,42.97,19.14,0.62,1057.0
Bogo,2021-04-01,33.36,44.22,20.2,0.9,914.0
Bogo,2021-05-01,34.05,43.53,32.07,11.47,795.0
Bogo,2021-06-01,31.0,41.17,52.25,54.3,592.0
Bogo,2021-07-01,27.55,37.9,69.73,154.07,1300.0
Bogo,2021-08-01,26.62,34.48,75.48,101.99,2874.0
Bogo,2021-09-01,27.55,37.22,71.07,69.3,3114.0
Bogo,2021-10-01,29.61,39.32,56.31,32.55,3171.0
Bogo,2021-11-01,29.43,39.63,30.03,0.3,2254.0
Bogo,2021-12-01,26.28,37.92,21.42,0.0,1684.0
Bogo,2022-01-01,24.36,37.25,19.96,0.0,1724.0
Bogo,2022-02-01,25.56,39.43,13.13,0.0,1192.0
Bogo,2022-03-01,31.01,43.23,11.61,0.0,1196.0
Bogo,2022-04-01,33.72,44.5,31.09,9.6,1052.0
Bogo,2022-05-01,32.28,41.43,46.53,25.42,943.0
Bogo,2022-06-01,30.54,41.47,53.16,60.9,974.0
Bogo,2022-07-01,28.07,39.32,67.46,148.18,2133.0
Bogo,2022-08-01,25.44,33.76,81.78,219.48,2658.0
Bogo,2022-09-01,25.83,32.66,81.95,212.1,2524.0
Bogo,2022-10-01,26.74,35.74,66.48,5.89,2841.0
Bogo,2022-11-01,26.13,37.26,34.39,0.0,2342.0
Bogo,2022-12-01,24.32,38.3,24.8,0.0,1988.0
Bogo,2023-01-01,25.48,39.91,20.41,0.0,1302.0
Bogo,2023-02-01,27.25,41.22,15.35,0.0,841.0
Bogo,2023-03-01,31.17,43.44,16.61,2.79,845.0
Bogo,2023-04-01,34.46,43.77,23.09,3.9,741.0
Bogo,2023-05-01,33.49,43.4,41.01,48.36,842.0
Bogo,2023-06-01,29.6,39.53,61.14,97.8,673.0
Bogo,2023-07-01,29.39,38.38,62.42,100.13,1432.0
Bogo,2023-08-01,27.44,35.96,73.78,141.05,1888.0
Bogo,2023-09-01,27.94,37.67,71.95,116.4,1922.0
Bogo,2023-10-01,30.41,40.22,51.13,14.88,2885.0
Bogo,2023-11-01,30.23,40.03,29.86,2.4,2208.0
Bogo,2023-12-01,25.81,38.76,20.93,0.0,1699.0
Bogo,2024-01-01,24.21,36.62,15.45,0.0,1275.0
Bogo,2024-02-01,27.65,43.43,16.68,0.0,926.0
Bogo,2024-03-01,33.45,45.77,12.49,0.0,936.0
Bogo,2024-04-01,35.57,45.71,18.47,3.9,757.0
Bogo,2024-05-01,36.38,46.06,28.1,7.75,730.0
Bogo,2024-06-01,31.06,42.42,56.99,114.3,692.0
Bogo,2024-07-01,27.55,37.39,73.62,210.49,1183.0
Bogo,2024-08-01,25.33,31.25,85.09,280.24,1972.0
Bogo,2024-09-01,26.35,32.45,80.72,109.2,1694.0
Bogo,2024-10-01,26.63,35.34,71.63,60.14,2553.0
Bogo,2024-11-01,24.64,36.97,42.02,0.0,2174.0
Bogo,2024-12-01,23.95,36.95,29.44,0.0,2011.0
Bogo,2025-01-01,25.45,39.13,21.53,0.0,1423.0
Bogo,2025-02-01,28.48,41.5,16.24,0.0,877.0
Bogo,2025-03-01,31.89,43.56,12.41,0.0,868.0
Bogo,2025-04-01,34.05,44.97,18.04,6.3,821.0
Bogo,2025-05-01,35.39,44.58,25.96,4.03,876.0
Bogo,2025-06-01,32.34,42.69,47.48,67.8,881.0
Bogo,2025-07-01,27.6,37.36,70.83,231.88,1214.0
Bogo,2025-08-01,26.08,33.06,78.47,208.63,1671.0
Bogo,2025-09-01,26.55,33.33,79.15,107.7,1880.0
Bogo,2025-10-01,27.52,37.51,61.38,14.26,2643.0
Bogo,2025-11-01,27.85,39.48,30.4,0.0,1472.0
Bogo,2025-12-01,27.19,38.91,22.62,0.0,1442.0
Bourha,2017-01-01,27.78,39.63,16.86,0.0,528.0
Bourha,2017-02-01,27.64,39.11,11.1,0.0,342.0
Bourha,2017-03-01,31.33,42.22,11.61,0.0,673.0
Bourha,2017-04-01,32.22,42.19,38.08,36.3,316.0
Bourha,2017-05-01,28.46,38.95,65.99,140.12,362.0
Bourha,2017-06-01,26.88,37.43,73.32,107.4,446.0
Bourha,2017-07-01,24.78,30.89,84.76,259.47,641.0
Bourha,2017-08-01,24.25,29.81,86.75,190.34,800.0
Bourha,2017-09-01,24.83,30.97,83.65,162.3,1073.0
Bourha,2017-10-01,26.11,34.73,65.83,33.48,1492.0
Bourha,2017-11-01,26.83,37.76,35.74,0.0,1103.0
Bourha,2017-12-01,26.76,37.24,20.87,0.0,880.0
Bourha,2018-01-01,23.97,35.48,12.53,0.0,492.0
Bourha,2018-02-01,29.76,40.89,16.86,7.28,675.0
Bourha,2018-03-01,31.54,42.45,14.77,0.31,416.0
Bourha,2018-04-01,32.19,41.38,33.13,10.2,425.0
Bourha,2018-05-01,28.04,39.37,69.32,142.6,383.0
Bourha,2018-06-01,26.7,34.9,75.06,161.7,548.0
Bourha,2018-07-01,25.01,30.77,82.45,207.39,1174.0
Bourha,2018-08-01,24.06,29.84,87.09,339.76,1261.0
Bourha,2018-09-01,24.8,31.55,84.69,249.9,1165.0
Bourha,2018-10-01,26.0,32.57,76.63,29.45,1987.0
Bourha,2018-11-01,26.51,36.38,46.73,2.4,993.0
Bourha,2018-12-01,25.51,36.89,23.09,0.0,1011.0
Bourha,2019-01-01,26.79,39.23,15.15,0.0,712.0
Bourha,2019-02-01,28.39,40.22,15.52,0.28,298.0
Bourha,2019-03-01,32.14,42.93,15.62,0.0,685.0
Bourha,2019-04-01,33.61,43.58,26.07,7.8,527.0
Bourha,2019-05-01,30.18,42.03,56.55,97.65,517.0
Bourha,2019-06-01,26.92,35.76,75.07,252.0,758.0
Bourha,2019-07-01,24.99,31.98,84.45,264.43,1030.0
Bourha,2019-08-01,23.81,29.06,88.03,283.65,1235.0
Bourha,2019-09-01,25.0,31.34,84.01,118.2,1575.0
Bourha,2019-10-01,24.73,31.16,83.22,116.56,1888.0
Bourha,2019-11-01,25.3,34.3,61.44,0.0,1632.0
Bourha,2019-12-01,24.09,35.72,26.06,0.0,1351.0
Bourha,2020-01-01,24.6,37.24,18.02,0.0,648.0
Bourha,2020-02-01,27.72,40.39,14.57,0.0,500.0
Bourha,2020-03-01,31.46,42.2,19.43,1.55,406.0
Bourha,2020-04-01,31.83,42.37,39.28,28.2,472.0
Bourha,2020-05-01,29.27,38.7,62.54,62.0,397.0
Bourha,2020-06-01,28.15,37.57,66.87,76.2,611.0
Bourha,2020-07-01,25.76,35.19,76.85,132.68,722.0
Bourha,2020-08-01,24.27,30.95,84.0,229.4,991.0
Bourha,2020-09-01,24.45,30.29,84.91,184.8,1005.0
Bourha,2020-10-01,25.61,34.59,70.11,38.75,1279.0
Bourha,2020-11-01,26.46,36.28,41.66,1.2,1584.0
Bourha,2020-12-01,27.11,37.57,22.28,0.0,1231.0
Bourha,2021-01-01,27.01,37.92,15.97,0.0,946.0
Bourha,2021-02-01,27.6,39.16,13.01,0.0,641.0
Bourha,2021-03-01,31.14,41.47,26.13,5.89,696.0
Bourha,2021-04-01,32.32,42.59,29.58,7.8,582.0
Bourha,2021-05-01,31.07,41.5,50.14,48.05,577.0
Bourha,2021-06-01,28.3,39.25,64.71,119.7,710.0
Bourha,2021-07-01,24.47,32.9,84.87,224.44,872.0
Bourha,2021-08-01,24.32,29.7,85.32,176.7,855.0
Bourha,2021-09-01,25.01,31.22,83.86,129.3,1125.0
Bourha,2021-10-01,26.62,35.12,73.18,54.25,1392.0
Bourha,2021-11-01,28.0,37.64,43.47,1.5,1285.0
Bourha,2021-12-01,26.83,37.23,21.85,0.0,844.0
Bourha,2022-01-01,25.49,37.85,18.85,0.0,997.0
Bourha,2022-02-01,26.93,38.95,12.14,0.0,538.0
Bourha,2022-03-01,31.32,41.99,13.14,0.0,428.0
Bourha,2022-04-01,31.13,43.18,44.8,29.7,392.0
Bourha,2022-05-01,28.64,38.59,63.45,44.95,467.0
Bourha,2022-06-01,27.62,37.67,67.03,115.5,856.0
Bourha,2022-07-01,25.17,34.96,81.09,225.06,1247.0
Bourha,2022-08-01,23.81,29.99,87.94,220.41,1437.0
Bourha,2022-09-01,24.68,30.17,84.64,381.6,1475.0
Bourha,2022-10-01,24.92,32.9,76.69,14.88,1324.0
Bourha,2022-11-01,25.36,35.42,43.51,0.0,893.0
Bourha,2022-12-01,24.83,36.6,24.45,0.0,601.0
Bourha,2023-01-01,26.38,39.23,19.33,0.0,565.0
Bourha,2023-02-01,28.19,40.73,14.21,0.0,440.0
Bourha,2023-03-01,30.94,41.94,19.23,5.27,406.0
Bourha,2023-04-01,32.74,42.59,32.74,11.4,381.0
Bourha,2023-05-01,30.14,40.7,57.83,130.82,532.0
Bourha,2023-06-01,27.38,35.02,71.06,106.2,755.0
Bourha,2023-07-01,27.27,35.06,71.26,99.2,696.0
Bourha,2023-08-01,25.47,31.62,81.79,196.85,803.0
Bourha,2023-09-01,25.65,32.53,82.08,151.5,849.0
Bourha,2023-10-01,28.2,37.4,64.59,35.03,927.0
Bourha,2023-11-01,29.19,38.48,38.84,6.6,1060.0
Bourha,2023-12-01,26.64,38.1,19.44,0.0,770.0
Bourha,2024-01-01,25.6,36.78,12.85,0.0,543.0
Bourha,2024-02-01,28.76,42.83,15.77,0.0,493.0
Bourha,2024-03-01,33.51,44.55,14.22,0.0,456.0
Bourha,2024-04-01,34.39,44.32,27.68,2.1,363.0
Bourha,2024-05-01,33.88,43.64,39.52,11.16,612.0
Bourha,2024-06-01,29.08,39.97,65.54,142.5,727.0
Bourha,2024-07-01,26.07,34.56,78.52,194.06,750.0
Bourha,2024-08-01,24.3,30.14,86.52,228.47,1150.0
Bourha,2024-09-01,25.32,31.08,82.61,131.1,1331.0
Bourha,2024-10-01,25.77,34.01,74.4,66.65,1180.0
Bourha,2024-11-01,24.92,35.8,41.27,0.0,1237.0
Bourha,2024-12-01,25.15,36.58,25.96,0.0,674.0
Bourha,2025-01-01,26.71,39.01,18.52,0.0,465.0
Bourha,2025-02-01,29.58,40.76,14.65,0.0,385.0
Bourha,2025-03-01,32.4,43.2,12.01,0.0,391.0
Bourha,2025-04-01,33.57,44.09,22.1,12.3,372.0
Bourha,2025-05-01,33.21,43.1,38.06,25.42,383.0
Bourha,2025-06-01,29.48,41.35,59.75,154.2,418.0
Bourha,2025-07-01,25.04,32.22,82.53,241.8,425.0
Bourha,2025-08-01,24.32,29.93,85.14,177.63,607.0
Bourha,2025-09-01,25.26,31.44,82.31,138.9,710.0
Bourha,2025-10-01,26.24,34.98,69.54,49.6,805.0
Bourha,2025-11-01,27.52,38.51,35.28,0.0,591.0
Bourha,2025-12-01,28.02,38.58,21.06,0.0,421.0
Fotokol,2017-01-01,25.86,40.24,20.17,0.0,378.0
Fotokol,2017-02-01,25.34,38.67,14.4,0.0,
Fotokol,2017-03-01,30.02,42.72,14.04,0.0,296.0
Fotokol,2017-04-01,34.42,44.54,17.46,0.0,308.0
Fotokol,2017-05-01,35.15,45.07,32.6,9.61,484.0
Fotokol,2017-06-01,31.68,43.15,53.38,113.4,158.0
Fotokol,2017-07-01,29.03,38.42,65.56,115.63,245.0
Fotokol,2017-08-01,27.64,35.51,72.93,141.36,132.0
Fotokol,2017-09-01,28.41,38.13,68.4,95.4,149.0
Fotokol,2017-10-01,28.91,39.04,37.73,4.03,54.0
Fotokol,2017-11-01,27.22,39.34,21.39,0.0,125.0
Fotokol,2017-12-01,25.47,37.75,23.04,0.0,
Fotokol,2018-01-01,21.37,33.61,19.28,0.0,216.0
Fotokol,2018-02-01,28.7,41.25,17.37,0.0,
Fotokol,2018-03-01,31.26,42.71,12.0,0.0,128.0
Fotokol,2018-04-01,34.01,45.12,16.28,0.6,120.0
Fotokol,2018-05-01,34.9,45.28,37.48,27.28,178.0
Fotokol,2018-06-01,32.67,43.89,47.66,90.0,153.0
Fotokol,2018-07-01,28.83,37.4,65.96,198.09,191.0
Fotokol,2018-08-01,26.84,33.58,78.08,266.29,178.0
Fotokol,2018-09-01,27.03,34.9,78.1,114.6,115.0
Fotokol,2018-10-01,28.18,37.81,61.87,9.3,119.0
Fotokol,2018-11-01,26.15,36.88,31.19,0.0,57.0
Fotokol,2018-12-01,23.61,36.07,26.37,0.0,53.0
Fotokol,2019-01-01,24.02,38.13,19.55,0.0,148.0
Fotokol,2019-02-01,25.98,39.44,17.52,0.0,80.0
Fotokol,2019-03-01,31.44,44.4,15.42,0.0,134.0
Fotokol,2019-04-01,34.5,45.12,15.32,0.9,196.0
Fotokol,2019-05-01,35.18,45.68,33.87,17.36,284.0
Fotokol,2019-06-01,31.83,43.68,53.81,103.2,151.0
Fotokol,2019-07-01,29.34,38.96,64.45,121.83,248.0
Fotokol,2019-08-01,27.24,35.23,74.88,172.36,160.0
Fotokol,2019-09-01,28.64,38.5,68.24,84.0,282.0
Fotokol,2019-10-01,28.02,37.31,67.16,54.87,274.0
Fotokol,2019-11-01,27.46,38.16,35.81,0.0,397.0
Fotokol,2019-12-01,23.02,34.9,24.19,0.0,211.0
Fotokol,2020-01-01,22.68,37.18,22.38,0.0,167.0
Fotokol,2020-02-01,25.14,39.41,18.49,0.0,247.0
Fotokol,2020-03-01,31.28,43.41,17.16,0.0,262.0
Fotokol,2020-04-01,34.27,46.13,17.92,0.3,273.0
Fotokol,2020-05-01,34.71,44.65,31.5,12.4,365.0
Fotokol,2020-06-01,34.26,43.83,40.19,22.8,275.0
Fotokol,2020-07-01,29.44,40.48,63.16,142.6,174.0
Fotokol,2020-08-01,26.62,34.71,79.69,398.66,468.0
Fotokol,2020-09-01,26.79,34.78,78.49,90.9,1311.0
Fotokol,2020-10-01,26.58,36.02,64.15,88.04,1382.0
Fotokol,2020-11-01,23.85,34.77,48.41,0.3,943.0
Fotokol,2020-12-01,24.66,36.94,31.25,0.0,1750.0
Fotokol,2021-01-01,24.48,37.04,23.41,0.0,1377.0
Fotokol,2021-02-01,25.11,38.19,18.8,0.0,777.0
Fotokol,2021-03-01,31.16,43.51,16.98,0.0,394.0
Fotokol,2021-04-01,33.07,43.9,14.75,0.0,129.0
Fotokol,2021-05-01,35.17,44.21,23.56,1.86,215.0
Fotokol,2021-06-01,32.95,42.89,45.1,33.3,178.0
Fotokol,2021-07-01,29.29,40.35,64.7,227.85,960.0
Fotokol,2021-08-01,27.32,35.38,76.43,102.3,1628.0
Fotokol,2021-09-01,27.96,36.51,72.07,113.4,1633.0
Fotokol,2021-10-01,28.6,38.24,51.66,43.09,1118.0
Fotokol,2021-11-01,27.9,38.26,29.06,0.0,292.0
Fotokol,2021-12-01,24.6,36.18,25.19,0.0,1089.0
Fotokol,2022-01-01,22.7,35.72,24.27,0.0,473.0
Fotokol,2022-02-01,24.28,38.59,16.87,0.0,747.0
Fotokol,2022-03-01,30.09,43.24,13.62,0.0,584.0
Fotokol,2022-04-01,34.67,44.85,23.96,2.1,860.0
Fotokol,2022-05-01,34.28,42.89,34.44,17.36,1151.0
Fotokol,2022-06-01,32.79,43.14,43.19,56.4,863.0
Fotokol,2022-07-01,28.92,39.98,66.52,200.26,946.0
Fotokol,2022-08-01,26.36,34.08,79.5,267.22,837.0
Fotokol,2022-09-01,26.69,34.7,79.9,150.6,853.0
Fotokol,2022-10-01,26.51,34.22,62.9,4.34,598.0
Fotokol,2022-11-01,24.23,35.36,38.4,0.0,389.0
Fotokol,2022-12-01,23.1,36.88,29.24,0.0,336.0
Fotokol,2023-01-01,24.3,39.62,24.44,0.0,348.0
Fotokol,2023-02-01,25.95,40.3,19.43,0.0,324.0
Fotokol,2023-03-01,30.83,42.52,17.56,3.1,341.0
Fotokol,2023-04-01,34.22,44.09,20.18,13.5,364.0
Fotokol,2023-05-01,35.43,44.57,30.2,17.98,343.0
Fotokol,2023-06-01,31.61,41.64,54.24,72.6,295.0
Fotokol,2023-07-01,31.64,40.67,54.25,132.68,461.0
Fotokol,2023-08-01,28.34,36.92,72.83,389.05,748.0
Fotokol,2023-09-01,28.51,38.83,72.14,78.3,314.0
Fotokol,2023-10-01,29.34,38.85,47.21,7.75,486.0
Fotokol,2023-11-01,29.09,38.68,30.35,0.0,234.0
Fotokol,2023-12-01,24.61,37.85,25.78,0.0,208.0
Fotokol,2024-01-01,22.99,35.21,21.22,0.0,303.0
Fotokol,2024-02-01,26.5,42.95,19.64,0.0,300.0
Fotokol,2024-03-01,33.02,45.19,13.86,0.0,318.0
Fotokol,2024-04-01,35.51,46.53,13.47,0.0,316.0
Fotokol,2024-05-01,36.99,46.45,20.99,13.64,524.0
Fotokol,2024-06-01,33.69,42.07,46.65,92.4,488.0
Fotokol,2024-07-01,28.71,37.5,71.05,267.84,514.0
Fotokol,2024-08-01,26.12,31.8,84.58,301.94,706.0
Fotokol,2024-09-01,27.39,34.29,78.19,103.5,651.0
Fotokol,2024-10-01,26.56,35.81,68.66,34.72,538.0
Fotokol,2024-11-01,22.04,34.45,49.19,0.0,591.0
Fotokol,2024-12-01,21.68,35.45,36.62,0.0,536.0
Fotokol,2025-01-01,23.63,37.51,28.04,0.0,547.0
Fotokol,2025-02-01,27.14,40.36,20.5,0.0,524.0
Fotokol,2025-03-01,31.28,43.83,15.66,0.0,380.0
Fotokol,2025-04-01,33.97,45.41,15.73,0.0,300.0
Fotokol,2025-05-01,35.51,45.43,21.75,9.92,393.0
Fotokol,2025-06-01,34.77,44.07,35.81,37.2,396.0
Fotokol,2025-07-01,29.2,39.09,65.34,416.64,370.0
Fotokol,2025-08-01,26.86,34.38,77.99,269.08,543.0
Fotokol,2025-09-01,27.52,35.53,76.07,110.1,476.0
Fotokol,2025-10-01,26.85,36.29,58.81,17.36,473.0
Fotokol,2025-11-01,25.7,37.2,37.34,0.0,338.0
Fotokol,2025-12-01,25.47,37.88,29.09,0.0,436.0
Gazawa,2017-01-01,27.2,40.06,16.76,0.0,332.0
Gazawa,2017-02-01,26.98,39.02,11.25,0.0,376.0
Gazawa,2017-03-01,30.84,42.28,11.33,0.0,321.0
Gazawa,2017-04-01,33.66,43.41,29.91,15.6,341.0
Gazawa,2017-05-01,30.65,41.4,54.71,93.0,278.0
Gazawa,2017-06-01,28.18,38.9,67.55,99.9,314.0
Gazawa,2017-07-01,26.05,33.33,79.11,226.3,1239.0
Gazawa,2017-08-01,25.06,30.6,84.68,285.51,1532.0
Gazawa,2017-09-01,25.53,31.67,81.75,139.8,2215.0
Gazawa,2017-10-01,26.79,36.18,62.25,23.87,2102.0
Gazawa,2017-11-01,27.0,38.73,31.91,0.0,1119.0
Gazawa,2017-12-01,26.43,37.76,20.49,0.0,778.0
Gazawa,2018-01-01,23.03,35.14,13.45,0.0,444.0
Gazawa,2018-02-01,29.43,41.08,16.07,5.88,330.0
Gazawa,2018-03-01,31.39,42.0,13.45,0.0,359.0
Gazawa,2018-04-01,33.38,42.99,27.08,8.4,364.0
Gazawa,2018-05-01,29.94,41.98,60.6,95.48,290.0
Gazawa,2018-06-01,28.21,38.21,67.43,140.4,445.0
Gazawa,2018-07-01,26.06,33.04,77.88,226.92,2092.0
Gazawa,2018-08-01,24.83,30.72,85.14,329.84,2683.0
Gazawa,2018-09-01,25.51,32.45,83.07,174.9,2665.0
Gazawa,2018-10-01,26.82,35.63,73.13,20.46,2830.0
Gazawa,2018-11-01,27.04,37.71,42.96,4.2,2336.0
Gazawa,2018-12-01,25.49,37.55,21.44,0.0,1364.0
Gazawa,2019-01-01,26.06,38.76,15.18,0.0,1097.0
Gazawa,2019-02-01,27.91,41.09,14.49,0.28,632.0
Gazawa,2019-03-01,32.23,43.52,14.13,0.0,632.0
Gazawa,2019-04-01,34.23,44.07,20.68,1.5,640.0
Gazawa,2019-05-01,31.93,43.94,48.89,69.44,497.0
Gazawa,2019-06-01,28.48,38.96,68.38,251.1,841.0
Gazawa,2019-07-01,25.86,33.91,81.32,194.06,1621.0
Gazawa,2019-08-01,24.71,29.85,85.25,200.88,2836.0
Gazawa,2019-09-01,25.83,32.88,81.47,114.0,2481.0
Gazawa,2019-10-01,25.69,33.59,79.32,91.45,2540.0
Gazawa,2019-11-01,26.36,36.75,54.24,0.0,2453.0
Gazawa,2019-12-01,24.33,36.63,21.58,0.0,1705.0
Gazawa,2020-01-01,24.26,37.38,17.64,0.0,890.0
Gazawa,2020-02-01,27.09,40.78,14.85,0.0,653.0
Gazawa,2020-03-01,31.59,42.68,17.47,0.31,621.0
Gazawa,2020-04-01,33.46,43.02,30.48,10.8,454.0
Gazawa,2020-05-01,31.26,42.6,53.32,44.95,343.0
Gazawa,2020-06-01,30.46,40.63,55.72,50.1,350.0
Gazawa,2020-07-01,27.2,36.84,70.53,115.94,1066.0
Gazawa,2020-08-01,25.45,33.51,79.63,182.28,2161.0
Gazawa,2020-09-01,25.29,32.18,82.32,186.0,1848.0
Gazawa,2020-10-01,26.3,35.54,67.73,43.09,1686.0
Gazawa,2020-11-01,26.53,36.81,41.44,0.6,1372.0
Gazawa,2020-12-01,26.78,37.98,23.2,0.0,1271.0
Gazawa,2021-01-01,26.29,38.44,17.2,0.0,1324.0
Gazawa,2021-02-01,26.83,39.09,13.66,0.0,871.0
Gazawa,2021-03-01,31.78,42.47,21.46,1.55,760.0
Gazawa,2021-04-01,33.11,43.4,23.17,4.2,596.0
Gazawa,2021-05-01,32.99,42.8,39.04,20.46,465.0
Gazawa,2021-06-01,29.62,40.76,58.83,83.1,433.0
Gazawa,2021-07-01,26.04,35.68,77.19,175.46,1512.0
Gazawa,2021-08-01,25.46,32.65,80.74,143.22,2469.0
Gazawa,2021-09-01,26.25,34.65,77.85,101.4,2540.0
Gazawa,2021-10-01,28.13,37.85,65.43,42.47,2068.0
Gazawa,2021-11-01,29.0,38.74,36.86,0.6,1682.0
Gazawa,2021-12-01,26.56,37.82,21.27,0.0,1013.0
Gazawa,2022-01-01,24.81,37.1,19.35,0.0,754.0
Gazawa,2022-02-01,26.02,39.2,12.62,0.0,562.0
Gazawa,2022-03-01,31.18,42.98,11.94,0.0,564.0
Gazawa,2022-04-01,32.76,43.96,36.07,15.9,366.0
Gazawa,2022-05-01,30.43,40.15,55.71,53.32,355.0
Gazawa,2022-06-01,29.04,39.45,60.8,93.6,366.0
Gazawa,2022-07-01,26.79,37.06,73.36,151.9,1998.0
Gazawa,2022-08-01,24.8,31.44,84.34,230.64,1821.0
Gazawa,2022-09-01,25.4,31.87,82.83,299.1,1911.0
Gazawa,2022-10-01,25.9,34.85,72.02,11.47,1644.0
Gazawa,2022-11-01,25.96,36.24,38.25,0.0,896.0
Gazawa,2022-12-01,24.77,37.95,23.37,0.0,592.0
Gazawa,2023-01-01,25.9,39.61,19.54,0.0,488.0
Gazawa,2023-02-01,27.64,40.97,14.73,0.0,298.0
Gazawa,2023-03-01,31.18,42.85,17.24,2.48,342.0
Gazawa,2023-04-01,34.12,43.17,25.84,2.7,236.0
Gazawa,2023-05-01,32.13,42.13,48.12,97.03,247.0
Gazawa,2023-06-01,28.42,37.26,67.0,115.2,234.0
Gazawa,2023-07-01,28.24,36.6,67.9,89.28,466.0
Gazawa,2023-08-01,26.37,34.04,78.8,174.53,835.0
Gazawa,2023-09-01,26.84,35.55,77.34,130.8,1017.0
Gazawa,2023-10-01,29.27,38.81,59.41,24.49,1331.0
Gazawa,2023-11-01,30.01,39.59,33.03,3.6,927.0
Gazawa,2023-12-01,26.16,38.38,20.06,0.0,540.0
Gazawa,2024-01-01,24.7,36.34,14.18,0.0,483.0
Gazawa,2024-02-01,28.07,43.04,16.25,0.0,341.0
Gazawa,2024-03-01,33.45,45.2,13.0,0.0,328.0
Gazawa,2024-04-01,35.34,44.93,21.83,5.1,318.0
Gazawa,2024-05-01,35.46,45.42,32.46,12.4,212.0
Gazawa,2024-06-01,29.87,41.31,62.73,130.8,279.0
Gazawa,2024-07-01,26.89,36.11,76.51,217.93,445.0
Gazawa,2024-08-01,24.9,30.69,85.89,275.59,1046.0
Gazawa,2024-09-01,25.95,31.56,81.5,138.3,1326.0
Gazawa,2024-10-01,26.11,34.11,74.84,66.34,1258.0
Gazawa,2024-11-01,24.5,35.94,44.77,0.0,806.0
Gazawa,2024-12-01,24.57,37.06,27.23,0.0,534.0
Gazawa,2025-01-01,26.0,39.35,19.88,0.0,367.0
Gazawa,2025-02-01,28.89,41.25,15.41,0.0,320.0
Gazawa,2025-03-01,31.99,43.26,12.23,0.0,207.0
Gazawa,2025-04-01,33.76,44.66,20.49,12.0,191.0
Gazawa,2025-05-01,34.72,43.77,30.5,8.06,165.0
Gazawa,2025-06-01,30.71,41.43,54.9,117.9,209.0
Gazawa,2025-07-01,26.38,34.58,76.85,247.69,338.0
Gazawa,2025-08-01,25.27,31.31,82.4,244.9,922.0
Gazawa,2025-09-01,25.97,32.03,81.04,116.1,1113.0
Gazawa,2025-10-01,26.76,36.23,67.24,23.56,1247.0
Gazawa,2025-11-01,27.56,39.23,34.25,0.0,575.0
Gazawa,2025-12-01,27.63,38.68,21.35,0.0,255.0
Goulfey,2017-01-01,25.86,40.24,20.17,0.0,302.0
Goulfey,2017-02-01,25.34,38.67,14.4,0.0,177.0
Goulfey,2017-03-01,30.02,42.72,14.04,0.0,242.0
Goulfey,2017-04-01,34.42,44.54,17.46,0.0,293.0
Goulfey,2017-05-01,35.15,45.07,32.6,9.61,243.0
Goulfey,2017-06-01,31.68,43.15,53.38,113.4,292.0
Goulfey,2017-07-01,29.03,38.42,65.56,115.63,615.0
Goulfey,2017-08-01,27.64,35.51,72.93,141.36,1244.0
Goulfey,2017-09-01,28.41,38.13,68.4,95.4,494.0
Goulfey,2017-10-01,28.91,39.04,37.73,4.03,851.0
Goulfey,2017-11-01,27.22,39.34,21.39,0.0,108.0
Goulfey,2017-12-01,25.47,37.75,23.04,0.0,
Goulfey,2018-01-01,21.37,33.61,19.28,0.0,510.0
Goulfey,2018-02-01,28.7,41.25,17.37,0.0,411.0
Goulfey,2018-03-01,31.26,42.71,12.0,0.0,341.0
Goulfey,2018-04-01,34.01,45.12,16.28,0.6,255.0
Goulfey,2018-05-01,34.9,45.28,37.48,27.28,187.0
Goulfey,2018-06-01,32.67,43.89,47.66,90.0,76.0
Goulfey,2018-07-01,28.83,37.4,65.96,198.09,99.0
Goulfey,2018-08-01,26.84,33.58,78.08,266.29,143.0
Goulfey,2018-09-01,27.03,34.9,78.1,114.6,335.0
Goulfey,2018-10-01,28.18,37.81,61.87,9.3,249.0
Goulfey,2018-11-01,26.15,36.88,31.19,0.0,246.0
Goulfey,2018-12-01,23.61,36.07,26.37,0.0,8.0
Goulfey,2019-01-01,24.02,38.13,19.55,0.0,785.0
Goulfey,2019-02-01,25.98,39.44,17.52,0.0,794.0
Goulfey,2019-03-01,31.44,44.4,15.42,0.0,796.0
Goulfey,2019-04-01,34.5,45.12,15.32,0.9,417.0
Goulfey,2019-05-01,35.18,45.68,33.87,17.36,323.0
Goulfey,2019-06-01,31.83,43.68,53.81,103.2,233.0
Goulfey,2019-07-01,29.34,38.96,64.45,121.83,292.0
Goulfey,2019-08-01,27.24,35.23,74.88,172.36,570.0
Goulfey,2019-09-01,28.64,38.5,68.24,84.0,607.0
Goulfey,2019-10-01,28.02,37.31,67.16,54.87,488.0
Goulfey,2019-11-01,27.46,38.16,35.81,0.0,1258.0
Goulfey,2019-12-01,23.02,34.9,24.19,0.0,1385.0
Goulfey,2020-01-01,22.68,37.18,22.38,0.0,1014.0
Goulfey,2020-02-01,25.14,39.41,18.49,0.0,719.0
Goulfey,2020-03-01,31.28,43.41,17.16,0.0,567.0
Goulfey,2020-04-01,34.27,46.13,17.92,0.3,527.0
Goulfey,2020-05-01,34.71,44.65,31.5,12.4,522.0
Goulfey,2020-06-01,34.26,43.83,40.19,22.8,437.0
Goulfey,2020-07-01,29.44,40.48,63.16,142.6,273.0
Goulfey,2020-08-01,26.62,34.71,79.69,398.66,604.0
Goulfey,2020-09-01,26.79,34.78,78.49,90.9,1098.0
Goulfey,2020-10-01,26.58,36.02,64.15,88.04,1154.0
Goulfey,2020-11-01,23.85,34.77,48.41,0.3,946.0
Goulfey,2020-12-01,24.66,36.94,31.25,0.0,1393.0
Goulfey,2021-01-01,24.48,37.04,23.41,0.0,2038.0
Goulfey,2021-02-01,25.11,38.19,18.8,0.0,1215.0
Goulfey,2021-03-01,31.16,43.51,16.98,0.0,977.0
Goulfey,2021-04-01,33.07,43.9,14.75,0.0,812.0
Goulfey,2021-05-01,35.17,44.21,23.56,1.86,573.0
Goulfey,2021-06-01,32.95,42.89,45.1,33.3,558.0
Goulfey,2021-07-01,29.29,40.35,64.7,227.85,679.0
Goulfey,2021-08-01,27.32,35.38,76.43,102.3,1657.0
Goulfey,2021-09-01,27.96,36.51,72.07,113.4,1709.0
Goulfey,2021-10-01,28.6,38.24,51.66,43.09,1631.0
Goulfey,2021-11-01,27.9,38.26,29.06,0.0,925.0
Goulfey,2021-12-01,24.6,36.18,25.19,0.0,766.0
Goulfey,2022-01-01,22.7,35.72,24.27,0.0,619.0
Goulfey,2022-02-01,24.28,38.59,16.87,0.0,693.0
Goulfey,2022-03-01,30.09,43.24,13.62,0.0,967.0
Goulfey,2022-04-01,34.67,44.85,23.96,2.1,936.0
Goulfey,2022-05-01,34.28,42.89,34.44,17.36,779.0
Goulfey,2022-06-01,32.79,43.14,43.19,56.4,648.0
Goulfey,2022-07-01,28.92,39.98,66.52,200.26,667.0
Goulfey,2022-08-01,26.36,34.08,79.5,267.22,1195.0
Goulfey,2022-09-01,26.69,34.7,79.9,150.6,1131.0
Goulfey,2022-10-01,26.51,34.22,62.9,4.34,1180.0
Goulfey,2022-11-01,24.23,35.36,38.4,0.0,718.0
Goulfey,2022-12-01,23.1,36.88,29.24,0.0,437.0
Goulfey,2023-01-01,24.3,39.62,24.44,0.0,503.0
Goulfey,2023-02-01,25.95,40.3,19.43,0.0,538.0
Goulfey,2023-03-01,30.83,42.52,17.56,3.1,687.0
Goulfey,2023-04-01,34.22,44.09,20.18,13.5,587.0
Goulfey,2023-05-01,35.43,44.57,30.2,17.98,594.0
Goulfey,2023-06-01,31.61,41.64,54.24,72.6,639.0
Goulfey,2023-07-01,31.64,40.67,54.25,132.68,678.0
Goulfey,2023-08-01,28.34,36.92,72.83,389.05,848.0
Goulfey,2023-09-01,28.51,38.83,72.14,78.3,726.0
Goulfey,2023-10-01,29.34,38.85,47.21,7.75,889.0
Goulfey,2023-11-01,29.09,38.68,30.35,0.0,841.0
Goulfey,2023-12-01,24.61,37.85,25.78,0.0,425.0
Goulfey,2024-01-01,22.99,35.21,21.22,0.0,735.0
Goulfey,2024-02-01,26.5,42.95,19.64,0.0,637.0
Goulfey,2024-03-01,33.02,45.19,13.86,0.0,565.0
Goulfey,2024-04-01,35.51,46.53,13.47,0.0,811.0
Goulfey,2024-05-01,36.99,46.45,20.99,13.64,863.0
Goulfey,2024-06-01,33.69,42.07,46.65,92.4,708.0
Goulfey,2024-07-01,28.71,37.5,71.05,267.84,712.0
Goulfey,2024-08-01,26.12,31.8,84.58,301.94,939.0
Goulfey,2024-09-01,27.39,34.29,78.19,103.5,976.0
Goulfey,2024-10-01,26.56,35.81,68.66,34.72,804.0
Goulfey,2024-11-01,22.04,34.45,49.19,0.0,545.0
Goulfey,2024-12-01,21.68,35.45,36.62,0.0,604.0
Goulfey,2025-01-01,23.63,37.51,28.04,0.0,650.0
Goulfey,2025-02-01,27.14,40.36,20.5,0.0,1000.0
Goulfey,2025-03-01,31.28,43.83,15.66,0.0,945.0
Goulfey,2025-04-01,33.97,45.41,15.73,0.0,745.0
Goulfey,2025-05-01,35.51,45.43,21.75,9.92,760.0
Goulfey,2025-06-01,34.77,44.07,35.81,37.2,554.0
Goulfey,2025-07-01,29.2,39.09,65.34,416.64,777.0
Goulfey,2025-08-01,26.86,34.38,77.99,269.08,757.0
Goulfey,2025-09-01,27.52,35.53,76.07,110.1,611.0
Goulfey,2025-10-01,26.85,36.29,58.81,17.36,649.0
Goulfey,2025-11-01,25.7,37.2,37.34,0.0,543.0
Goulfey,2025-12-01,25.47,37.88,29.09,0.0,531.0
Guere,2017-01-01,28.82,41.25,16.92,0.0,160.0
Guere,2017-02-01,28.87,40.82,11.62,0.0,100.0
Guere,2017-03-01,32.46,43.74,13.17,0.0,104.0
Guere,2017-04-01,34.47,44.41,35.13,14.1,127.0
Guere,2017-05-01,31.04,42.05,56.63,110.05,119.0
Guere,2017-06-01,28.3,39.42,69.64,139.2,190.0
Guere,2017-07-01,26.17,33.03,81.22,205.22,643.0
Guere,2017-08-01,25.44,30.98,84.91,237.46,463.0
Guere,2017-09-01,25.87,32.02,82.45,189.3,469.0
Guere,2017-10-01,27.23,36.29,70.31,39.06,566.0
Guere,2017-11-01,28.58,39.21,45.5,1.5,587.0
Guere,2017-12-01,28.09,39.61,21.9,0.0,521.0
Guere,2018-01-01,24.78,37.21,13.36,0.0,234.0
Guere,2018-02-01,30.86,42.26,15.51,0.56,308.0
Guere,2018-03-01,33.31,43.72,17.48,0.62,247.0
Guere,2018-04-01,34.27,43.14,32.24,13.2,199.0
Guere,2018-05-01,30.2,42.7,62.22,106.64,100.0
Guere,2018-06-01,28.15,37.79,69.83,159.9,154.0
Guere,2018-07-01,26.42,32.71,79.02,177.94,1060.0
Guere,2018-08-01,25.3,31.33,85.02,317.75,1121.0
Guere,2018-09-01,25.93,32.17,83.38,181.2,878.0
Guere,2018-10-01,26.95,36.0,75.38,30.07,1065.0
Guere,2018-11-01,27.86,39.1,50.55,11.4,975.0
Guere,2018-12-01,27.06,38.77,23.37,0.0,392.0
Guere,2019-01-01,27.93,40.4,15.86,0.0,144.0
Guere,2019-02-01,29.51,42.27,15.57,0.0,134.0
Guere,2019-03-01,33.99,44.71,16.79,0.0,198.0
Guere,2019-04-01,35.27,45.21,24.37,4.2,270.0
Guere,2019-05-01,32.32,43.72,49.98,62.31,270.0
Guere,2019-06-01,28.99,39.57,67.19,161.7,511.0
Guere,2019-07-01,26.61,35.79,78.97,190.34,847.0
Guere,2019-08-01,24.97,30.3,85.85,305.97,1564.0
Guere,2019-09-01,25.95,32.08,82.9,139.2,1010.0
Guere,2019-10-01,25.74,32.1,82.32,133.61,1234.0
Guere,2019-11-01,26.01,36.19,60.85,0.0,1004.0
Guere,2019-12-01,25.25,37.72,30.92,0.0,670.0
Guere,2020-01-01,25.62,38.57,18.63,0.0,427.0
Guere,2020-02-01,28.83,42.63,15.16,0.0,338.0
Guere,2020-03-01,32.76,43.67,19.58,2.17,420.0
Guere,2020-04-01,34.37,43.39,33.93,6.0,232.0
Guere,2020-05-01,31.8,42.89,53.18,64.79,175.0
Guere,2020-06-01,29.97,39.76,60.41,85.5,218.0
Guere,2020-07-01,27.02,36.39,73.76,148.8,701.0
Guere,2020-08-01,25.75,32.98,80.85,156.86,1183.0
Guere,2020-09-01,25.39,31.06,84.16,201.6,1115.0
Guere,2020-10-01,26.56,35.82,71.85,43.71,972.0
Guere,2020-11-01,27.16,37.65,48.28,4.8,745.0
Guere,2020-12-01,27.97,39.04,26.34,0.0,349.0
Guere,2021-01-01,27.7,39.68,17.4,0.0,418.0
Guere,2021-02-01,28.5,41.28,13.89,0.0,333.0
Guere,2021-03-01,33.14,43.79,22.7,1.55,407.0
Guere,2021-04-01,34.28,44.24,26.54,4.8,244.0
Guere,2021-05-01,33.01,42.89,44.65,40.3,146.0
Guere,2021-06-01,29.33,40.73,63.34,101.7,145.0
Guere,2021-07-01,25.9,35.61,80.63,188.79,1253.0
Guere,2021-08-01,25.57,31.39,83.52,181.35,2304.0
Guere,2021-09-01,25.86,31.91,83.51,182.7,1313.0
Guere,2021-10-01,27.36,36.29,74.49,56.42,2073.0
Guere,2021-11-01,28.86,39.57,50.8,0.9,1442.0
Guere,2021-12-01,28.09,39.12,24.56,0.0,600.0
Guere,2022-01-01,26.75,38.83,19.21,0.0,437.0
Guere,2022-02-01,27.8,40.76,12.75,0.0,357.0
Guere,2022-03-01,32.79,43.44,14.37,0.0,253.0
Guere,2022-04-01,33.33,44.33,37.02,16.2,188.0
Guere,2022-05-01,29.98,41.14,61.96,166.16,163.0
Guere,2022-06-01,28.11,38.47,69.07,137.1,343.0
Guere,2022-07-01,25.97,33.93,81.04,199.33,1555.0
Guere,2022-08-01,24.84,30.78,86.75,326.43,1145.0
Guere,2022-09-01,25.67,31.59,84.61,309.9,1304.0
Guere,2022-10-01,25.82,32.89,78.4,57.97,1420.0
Guere,2022-11-01,26.12,36.24,52.49,0.0,981.0
Guere,2022-12-01,25.85,38.12,28.97,0.0,428.0
Guere,2023-01-01,27.46,41.74,20.67,0.0,408.0
Guere,2023-02-01,29.27,42.02,15.09,0.0,371.0
Guere,2023-03-01,32.57,43.75,20.07,2.48,355.0
Guere,2023-04-01,34.84,44.43,31.35,12.0,235.0
Guere,2023-05-01,31.97,41.98,53.29,174.22,252.0
Guere,2023-06-01,28.04,36.86,72.51,156.6,294.0
Guere,2023-07-01,28.07,35.31,72.65,109.74,1312.0
Guere,2023-08-01,26.04,31.23,84.39,224.75,1140.0
Guere,2023-09-01,26.51,33.04,83.17,138.0,1003.0
Guere,2023-10-01,28.32,37.38,70.8,54.25,1638.0
Guere,2023-11-01,30.06,40.29,48.31,6.0,1323.0
Guere,2023-12-01,28.07,39.54,21.28,0.0,604.0
Guere,2024-01-01,26.36,38.61,13.78,0.0,582.0
Guere,2024-02-01,30.14,44.17,16.34,0.0,401.0
Guere,2024-03-01,34.75,46.46,15.41,0.31,512.0
Guere,2024-04-01,36.6,45.14,27.08,7.8,400.0
Guere,2024-05-01,36.22,46.06,33.21,18.6,358.0
Guere,2024-06-01,30.05,41.9,63.19,126.9,231.0
Guere,2024-07-01,27.43,36.37,75.79,184.45,767.0
Guere,2024-08-01,25.47,31.72,84.73,304.73,968.0
Guere,2024-09-01,26.25,31.37,82.66,169.8,972.0
Guere,2024-10-01,26.49,33.63,77.74,60.45,1537.0
Guere,2024-11-01,25.63,36.86,51.72,0.0,1135.0
Guere,2024-12-01,26.35,38.38,29.17,0.0,535.0
Guere,2025-01-01,27.81,41.27,19.84,0.0,541.0
Guere,2025-02-01,30.61,42.7,15.94,0.0,427.0
Guere,2025-03-01,33.25,44.15,12.39,0.0,333.0
Guere,2025-04-01,35.23,45.38,22.9,11.4,270.0
Guere,2025-05-01,35.07,44.38,35.98,17.67,306.0
Guere,2025-06-01,30.66,42.79,57.94,198.6,186.0
Guere,2025-07-01,26.3,32.74,80.25,167.4,769.0
Guere,2025-08-01,25.39,31.44,84.34,298.53,1619.0
Guere,2025-09-01,26.3,31.82,81.97,157.8,1520.0
Guere,2025-10-01,27.04,35.62,72.17,26.04,2100.0
Guere,2025-11-01,28.34,39.91,42.85,0.3,1195.0
Guere,2025-12-01,29.14,40.05,22.22,0.0,768.0
Guidiguis,2017-01-01,28.29,40.8,16.85,0.0,597.0
Guidiguis,2017-02-01,28.18,40.1,11.54,0.0,448.0
Guidiguis,2017-03-01,31.86,43.33,12.33,0.0,
Guidiguis,2017-04-01,33.85,43.96,35.88,27.6,567.0
Guidiguis,2017-05-01,30.72,40.59,56.44,93.93,565.0
Guidiguis,2017-06-01,28.25,39.67,69.05,124.8,621.0
Guidiguis,2017-07-01,25.77,32.91,82.95,231.26,1107.0
Guidiguis,2017-08-01,25.18,30.48,85.78,234.36,1827.0
Guidiguis,2017-09-01,25.67,32.02,82.95,157.5,2413.0
Guidiguis,2017-10-01,26.91,35.93,69.73,32.24,3042.0
Guidiguis,2017-11-01,28.25,39.14,41.28,0.3,1865.0
Guidiguis,2017-12-01,27.4,39.11,21.87,0.0,785.0
Guidiguis,2018-01-01,24.15,36.72,13.49,0.0,753.0
Guidiguis,2018-02-01,30.24,41.77,15.96,4.76,787.0
Guidiguis,2018-03-01,32.57,42.97,16.51,0.31,626.0
Guidiguis,2018-04-01,34.01,43.08,30.69,7.8,581.0
Guidiguis,2018-05-01,29.77,41.94,63.51,121.52,550.0
Guidiguis,2018-06-01,27.81,36.92,71.77,174.6,424.0
Guidiguis,2018-07-01,26.0,32.21,80.95,177.32,681.0
Guidiguis,2018-08-01,25.03,31.15,86.0,305.04,2267.0
Guidiguis,2018-09-01,25.72,32.32,84.11,182.4,3024.0
Guidiguis,2018-10-01,26.81,34.72,76.3,24.18,3608.0
Guidiguis,2018-11-01,27.56,38.49,51.21,8.4,2243.0
Guidiguis,2018-12-01,26.38,38.14,23.41,0.0,1151.0
Guidiguis,2019-01-01,27.26,39.99,15.47,0.0,778.0
Guidiguis,2019-02-01,28.91,41.53,15.04,0.28,642.0
Guidiguis,2019-03-01,33.4,44.33,15.85,0.0,741.0
Guidiguis,2019-04-01,34.88,44.97,24.09,1.8,888.0
Guidiguis,2019-05-01,32.22,43.68,49.32,67.89,791.0
Guidiguis,2019-06-01,28.53,38.71,69.71,228.0,775.0
Guidiguis,2019-07-01,26.08,33.68,82.04,212.97,1380.0
Guidiguis,2019-08-01,24.78,30.19,86.45,248.93,2848.0
Guidiguis,2019-09-01,25.86,32.12,83.03,124.5,3447.0
Guidiguis,2019-10-01,25.67,32.55,82.15,104.16,3188.0
Guidiguis,2019-11-01,26.15,36.14,59.89,0.0,3115.0
Guidiguis,2019-12-01,25.02,37.45,28.21,0.0,1785.0
Guidiguis,2020-01-01,25.13,38.04,18.73,0.0,1263.0
Guidiguis,2020-02-01,28.26,42.09,15.14,0.0,862.0
Guidiguis,2020-03-01,32.33,43.29,19.12,2.48,988.0
Guidiguis,2020-04-01,33.89,42.98,33.97,12.0,710.0
Guidiguis,2020-05-01,31.3,41.89,55.16,73.47,649.0
Guidiguis,2020-06-01,29.67,39.03,61.26,79.2,617.0
Guidiguis,2020-07-01,26.91,36.28,73.65,126.17,982.0
Guidiguis,2020-08-01,25.55,33.38,80.92,168.02,2267.0
Guidiguis,2020-09-01,25.3,31.27,84.43,168.6,2286.0
Guidiguis,2020-10-01,26.64,36.59,69.97,35.03,2720.0
Guidiguis,2020-11-01,27.55,37.68,43.6,2.7,2408.0
Guidiguis,2020-12-01,27.71,38.95,24.73,0.0,1684.0
Guidiguis,2021-01-01,27.26,39.32,17.45,0.0,1157.0
Guidiguis,2021-02-01,27.95,40.62,13.91,0.0,1094.0
Guidiguis,2021-03-01,32.67,42.66,22.92,1.55,953.0
Guidiguis,2021-04-01,33.76,43.85,26.21,5.4,960.0
Guidiguis,2021-05-01,32.83,42.39,44.14,36.89,643.0
Guidiguis,2021-06-01,29.54,41.59,61.01,100.5,627.0
Guidiguis,2021-07-01,25.52,35.48,82.64,222.58,1092.0
Guidiguis,2021-08-01,25.25,31.02,84.72,184.76,2567.0
Guidiguis,2021-09-01,25.71,31.79,83.9,156.3,3139.0
Guidiguis,2021-10-01,27.11,34.99,75.07,47.43,3454.0
Guidiguis,2021-11-01,28.7,38.88,49.61,1.2,2608.0
Guidiguis,2021-12-01,27.3,38.45,24.65,0.0,1574.0
Guidiguis,2022-01-01,26.14,38.39,19.21,0.0,1372.0
Guidiguis,2022-02-01,27.19,40.34,12.75,0.0,1054.0
Guidiguis,2022-03-01,32.2,43.12,13.63,0.0,925.0
Guidiguis,2022-04-01,32.95,43.67,37.92,19.5,1003.0
Guidiguis,2022-05-01,29.94,39.9,60.48,106.95,993.0
Guidiguis,2022-06-01,28.51,38.83,65.47,128.1,1064.0
Guidiguis,2022-07-01,25.92,34.55,80.67,186.31,1544.0
Guidiguis,2022-08-01,24.72,30.31,86.84,231.57,2570.0
Guidiguis,2022-09-01,25.51,31.54,84.79,399.3,3097.0
Guidiguis,2022-10-01,25.67,33.19,78.21,38.13,2035.0
Guidiguis,2022-11-01,25.84,35.63,50.38,0.0,1579.0
Guidiguis,2022-12-01,25.19,37.43,29.51,0.0,1035.0
Guidiguis,2023-01-01,26.9,41.15,20.72,0.0,1198.0
Guidiguis,2023-02-01,28.72,41.7,14.95,0.0,1122.0
Guidiguis,2023-03-01,32.06,43.16,18.6,3.72,990.0
Guidiguis,2023-04-01,34.88,43.87,28.55,2.4,991.0
Guidiguis,2023-05-01,32.0,42.2,51.98,173.29,1055.0
Guidiguis,2023-06-01,28.05,35.71,71.45,118.8,1019.0
Guidiguis,2023-07-01,28.19,35.53,70.61,94.55,1116.0
Guidiguis,2023-08-01,26.05,32.05,83.52,201.19,1216.0
Guidiguis,2023-09-01,26.61,34.42,81.4,120.3,1774.0
Guidiguis,2023-10-01,28.97,38.5,65.55,37.82,2393.0
Guidiguis,2023-11-01,30.43,39.95,41.89,6.9,1826.0
Guidiguis,2023-12-01,27.48,39.33,20.56,0.0,1012.0
Guidiguis,2024-01-01,25.72,37.83,13.98,0.0,1000.0
Guidiguis,2024-02-01,29.52,43.9,16.27,0.0,950.0
Guidiguis,2024-03-01,34.37,46.1,14.66,0.31,821.0
Guidiguis,2024-04-01,36.3,44.87,25.68,3.3,847.0
Guidiguis,2024-05-01,35.85,46.31,33.34,14.88,862.0
Guidiguis,2024-06-01,30.05,41.56,62.32,128.1,1065.0
Guidiguis,2024-07-01,27.41,36.39,74.78,175.77,1204.0
Guidiguis,2024-08-01,25.4,32.04,84.18,254.82,2125.0
Guidiguis,2024-09-01,26.18,31.58,82.5,155.4,1925.0
Guidiguis,2024-10-01,26.37,33.86,77.64,69.13,2370.0
Guidiguis,2024-11-01,25.51,36.83,48.41,0.0,2103.0
Guidiguis,2024-12-01,25.77,38.07,28.26,0.0,963.0
Guidiguis,2025-01-01,27.3,41.24,19.82,0.0,1004.0
Guidiguis,2025-02-01,30.03,42.33,15.58,0.0,754.0
Guidiguis,2025-03-01,32.83,43.91,12.45,0.0,703.0
Guidiguis,2025-04-01,34.62,45.38,22.91,16.8,861.0
Guidiguis,2025-05-01,34.97,44.39,34.77,14.88,810.0
Guidiguis,2025-06-01,30.52,42.48,57.83,187.2,869.0
Guidiguis,2025-07-01,25.85,32.08,82.5,216.69,970.0
Guidiguis,2025-08-01,25.21,31.13,84.69,206.46,1727.0
Guidiguis,2025-09-01,26.1,32.02,82.27,141.9,2060.0
Guidiguis,2025-10-01,26.88,36.06,71.43,34.72,3294.0
Guidiguis,2025-11-01,28.22,39.51,39.83,0.3,1906.0
Guidiguis,2025-12-01,28.66,39.65,22.23,0.0,1224.0
Hina,2017-01-01,25.78,38.72,19.25,0.0,573.0
Hina,2017-02-01,25.66,37.63,12.21,0.28,251.0
Hina,2017-03-01,29.62,41.15,11.78,0.0,475.0
Hina,2017-04-01,32.06,41.8,30.98,12.9,441.0
Hina,2017-05-01,28.38,40.45,62.63,157.17,444.0
Hina,2017-06-01,26.62,37.01,71.3,106.5,341.0
Hina,2017-07-01,24.54,30.4,83.0,253.27,1128.0
Hina,2017-08-01,23.82,29.15,86.26,224.75,1732.0
Hina,2017-09-01,24.4,30.97,82.83,147.0,
Hina,2017-10-01,25.63,34.57,61.48,22.94,1780.0
Hina,2017-11-01,25.35,36.82,33.78,0.0,1401.0
Hina,2017-12-01,24.91,36.04,23.77,0.0,
Hina,2018-01-01,21.94,34.06,14.38,0.0,499.0
Hina,2018-02-01,28.3,39.88,17.2,5.32,714.0
Hina,2018-03-01,30.21,40.69,13.54,0.31,457.0
Hina,2018-04-01,31.77,40.96,29.26,4.8,366.0
Hina,2018-05-01,28.42,39.98,63.69,117.49,383.0
Hina,2018-06-01,26.76,36.14,70.55,138.9,504.0
Hina,2018-07-01,24.82,31.79,79.86,242.11,1829.0
Hina,2018-08-01,23.59,29.42,86.9,310.31,2323.0
Hina,2018-09-01,24.37,31.35,83.9,219.9,221.0
Hina,2018-10-01,25.56,32.54,74.56,41.85,356.0
Hina,2018-11-01,25.37,35.46,44.23,2.1,1800.0
Hina,2018-12-01,23.44,35.0,26.96,0.0,852.0
Hina,2019-01-01,24.57,37.35,17.72,0.0,248.0
Hina,2019-02-01,26.56,38.81,16.15,0.56,513.0
Hina,2019-03-01,30.74,41.97,14.92,0.0,276.0
Hina,2019-04-01,32.64,42.47,23.28,4.8,324.0
Hina,2019-05-01,30.13,41.42,53.2,88.97,454.0
Hina,2019-06-01,26.79,36.63,72.37,280.5,288.0
Hina,2019-07-01,24.61,32.14,83.2,240.87,1098.0
Hina,2019-08-01,23.41,28.61,87.31,211.73,1663.0
Hina,2019-09-01,24.62,31.26,82.94,106.5,1339.0
Hina,2019-10-01,24.38,31.89,81.14,93.31,2226.0
Hina,2019-11-01,25.32,34.86,54.33,0.0,973.0
Hina,2019-12-01,22.8,34.55,25.04,0.0,862.0
Hina,2020-01-01,22.99,36.1,19.45,0.0,954.0
Hina,2020-02-01,25.89,39.01,15.75,0.0,699.0
Hina,2020-03-01,30.2,41.05,18.6,0.31,577.0
Hina,2020-04-01,31.51,41.68,35.51,32.7,713.0
Hina,2020-05-01,29.3,39.71,58.46,39.06,604.0
Hina,2020-06-01,28.63,38.76,60.68,52.5,552.0
Hina,2020-07-01,25.64,36.19,74.31,155.0,1323.0
Hina,2020-08-01,23.74,30.67,84.31,223.2,1839.0
Hina,2020-09-01,24.08,31.25,84.0,183.9,1683.0
Hina,2020-10-01,25.21,33.99,66.96,32.24,2106.0
Hina,2020-11-01,25.13,35.08,42.07,0.3,1513.0
Hina,2020-12-01,25.53,36.35,25.01,0.0,1286.0
Hina,2021-01-01,25.26,36.89,17.57,0.0,1158.0
Hina,2021-02-01,25.76,38.01,14.13,0.0,883.0
Hina,2021-03-01,30.07,40.56,24.93,3.41,876.0
Hina,2021-04-01,31.5,42.08,26.65,5.4,624.0
Hina,2021-05-01,31.38,41.41,42.62,20.46,447.0
Hina,2021-06-01,28.45,39.07,59.87,82.5,470.0
Hina,2021-07-01,24.64,34.53,80.18,177.32,1440.0
Hina,2021-08-01,24.22,30.35,82.37,143.22,2186.0
Hina,2021-09-01,25.01,32.69,79.71,94.8,1616.0
Hina,2021-10-01,26.95,35.99,65.55,50.84,1895.0
Hina,2021-11-01,27.52,37.21,37.5,0.6,2667.0
Hina,2021-12-01,25.23,36.0,22.77,0.0,1438.0
Hina,2022-01-01,23.54,36.12,20.34,0.0,1210.0
Hina,2022-02-01,24.94,37.76,13.26,0.0,1050.0
Hina,2022-03-01,29.91,41.16,12.71,0.0,968.0
Hina,2022-04-01,30.89,42.71,40.85,21.9,836.0
Hina,2022-05-01,28.93,39.22,58.32,34.72,796.0
Hina,2022-06-01,27.65,38.95,63.28,87.9,777.0
Hina,2022-07-01,25.27,36.13,77.14,195.61,2118.0
Hina,2022-08-01,23.49,29.88,86.8,235.91,2081.0
Hina,2022-09-01,24.25,30.31,83.75,304.5,1900.0
Hina,2022-10-01,24.71,33.01,72.17,6.2,1548.0
Hina,2022-11-01,24.45,34.33,39.56,0.0,1240.0
Hina,2022-12-01,23.11,35.96,26.83,0.0,1040.0
Hina,2023-01-01,24.57,38.13,21.28,0.0,761.0
Hina,2023-02-01,26.36,39.47,15.56,0.0,584.0
Hina,2023-03-01,29.78,41.51,18.12,1.86,457.0
Hina,2023-04-01,32.12,41.54,29.86,6.6,428.0
Hina,2023-05-01,29.81,39.84,55.19,115.01,562.0
Hina,2023-06-01,27.29,36.07,67.64,92.1,722.0
Hina,2023-07-01,27.3,36.05,67.03,83.39,1069.0
Hina,2023-08-01,25.46,33.18,77.81,157.17,1354.0
Hina,2023-09-01,25.71,34.64,77.53,119.1,1190.0
Hina,2023-10-01,28.4,37.69,56.77,22.63,1366.0
Hina,2023-11-01,28.54,38.11,34.33,5.1,1056.0
Hina,2023-12-01,24.83,36.98,21.28,0.0,845.0
Hina,2024-01-01,23.65,35.47,14.6,0.0,584.0
Hina,2024-02-01,26.92,41.73,16.85,0.0,669.0
Hina,2024-03-01,32.23,43.55,13.68,0.0,652.0
Hina,2024-04-01,33.68,44.03,24.16,1.8,411.0
Hina,2024-05-01,33.71,43.21,36.53,9.61,463.0
Hina,2024-06-01,28.48,39.95,65.16,166.5,504.0
Hina,2024-07-01,25.27,33.59,80.49,294.19,985.0
Hina,2024-08-01,23.53,28.48,88.76,313.41,1558.0
Hina,2024-09-01,24.65,30.39,83.27,127.5,1529.0
Hina,2024-10-01,24.69,31.49,76.38,74.09,1822.0
Hina,2024-11-01,22.42,33.2,49.49,0.0,1393.0
Hina,2024-12-01,22.61,34.52,32.51,0.0,937.0
Hina,2025-01-01,24.44,37.21,22.68,0.0,627.0
Hina,2025-02-01,27.6,39.47,16.46,0.0,583.0
Hina,2025-03-01,30.86,42.12,12.71,0.0,367.0
Hina,2025-04-01,32.53,43.05,20.63,8.7,320.0
Hina,2025-05-01,33.06,42.38,32.58,11.78,232.0
Hina,2025-06-01,29.55,40.14,55.39,108.3,493.0
Hina,2025-07-01,25.07,33.43,78.67,291.71,637.0
Hina,2025-08-01,23.99,30.15,84.07,211.42,869.0
Hina,2025-09-01,24.8,31.32,81.97,124.8,1274.0
Hina,2025-10-01,25.69,34.51,66.73,29.76,1489.0
Hina,2025-11-01,26.18,37.23,35.2,0.0,1000.0
Hina,2025-12-01,26.22,37.19,23.91,0.0,614.0
Kaele,2017-01-01,28.16,40.51,16.17,0.0,348.0
Kaele,2017-02-01,27.97,39.66,10.89,0.0,323.0
Kaele,2017-03-01,31.74,42.94,11.32,0.0,254.0
Kaele,2017-04-01,33.35,43.43,36.45,35.4,191.0
Kaele,2017-05-01,30.23,40.35,58.18,85.56,173.0
Kaele,2017-06-01,28.15,39.58,68.63,117.0,340.0
Kaele,2017-07-01,25.63,32.78,82.93,232.5,745.0
Kaele,2017-08-01,25.0,30.71,85.95,240.25,1542.0
Kaele,2017-09-01,25.48,31.71,83.22,159.0,2815.0
Kaele,2017-10-01,26.57,34.74,68.31,31.93,3100.0
Kaele,2017-11-01,27.49,38.37,38.47,0.0,1229.0
Kaele,2017-12-01,26.94,38.25,21.83,0.0,1080.0
Kaele,2018-01-01,24.1,36.13,12.62,0.0,310.0
Kaele,2018-02-01,30.18,41.42,15.71,4.48,317.0
Kaele,2018-03-01,32.25,42.83,15.08,0.31,253.0
Kaele,2018-04-01,33.48,42.49,30.66,9.6,269.0
Kaele,2018-05-01,29.47,40.88,64.15,122.14,194.0
Kaele,2018-06-01,27.65,36.08,72.43,173.4,196.0
Kaele,2018-07-01,25.75,31.59,81.46,185.69,1616.0
Kaele,2018-08-01,24.8,30.53,86.27,337.59,2068.0
Kaele,2018-09-01,25.5,32.23,84.29,182.7,2932.0
Kaele,2018-10-01,26.59,33.45,76.85,22.63,3055.0
Kaele,2018-11-01,27.04,37.3,50.01,7.2,1975.0
Kaele,2018-12-01,25.83,37.41,23.52,0.0,850.0
Kaele,2019-01-01,27.07,39.48,14.66,0.0,609.0
Kaele,2019-02-01,28.83,41.31,14.5,0.0,394.0
Kaele,2019-03-01,32.99,43.93,14.96,0.0,495.0
Kaele,2019-04-01,34.63,44.55,24.0,3.3,427.0
Kaele,2019-05-01,31.66,43.76,51.09,70.06,348.0
Kaele,2019-06-01,28.42,38.29,69.24,217.2,362.0
Kaele,2019-07-01,25.84,33.53,82.77,212.04,1057.0
Kaele,2019-08-01,24.6,29.54,86.72,250.79,2031.0
Kaele,2019-09-01,25.67,31.9,83.49,129.0,2812.0
Kaele,2019-10-01,25.44,32.15,82.74,108.81,3311.0
Kaele,2019-11-01,25.77,35.47,61.98,0.0,2152.0
Kaele,2019-12-01,24.54,36.61,26.77,0.0,2250.0
Kaele,2020-01-01,24.9,38.01,18.35,0.0,1298.0
Kaele,2020-02-01,28.09,41.45,14.4,0.0,823.0
Kaele,2020-03-01,32.13,42.82,18.46,2.48,858.0
Kaele,2020-04-01,33.26,42.97,34.94,11.7,673.0
Kaele,2020-05-01,30.78,40.93,57.12,72.85,621.0
Kaele,2020-06-01,29.37,38.84,62.54,78.0,544.0
Kaele,2020-07-01,26.71,35.76,74.21,115.32,1255.0
Kaele,2020-08-01,25.31,32.8,81.32,193.44,3099.0
Kaele,2020-09-01,25.12,30.84,84.65,183.9,3193.0
Kaele,2020-10-01,26.29,35.84,70.56,40.61,4107.0
Kaele,2020-11-01,27.06,37.04,42.59,2.1,3603.0
Kaele,2020-12-01,27.44,38.37,23.23,0.0,1938.0
Kaele,2021-01-01,27.19,38.83,16.49,0.0,1218.0
Kaele,2021-02-01,27.84,39.84,13.13,0.0,1113.0
Kaele,2021-03-01,32.22,42.33,23.54,2.17,914.0
Kaele,2021-04-01,33.35,43.39,26.37,5.4,660.0
Kaele,2021-05-01,32.44,42.28,45.45,39.99,616.0
Kaele,2021-06-01,29.35,41.06,61.28,110.7,691.0
Kaele,2021-07-01,25.37,34.72,82.72,199.95,1473.0
Kaele,2021-08-01,25.06,31.35,84.66,186.31,3517.0
Kaele,2021-09-01,25.64,31.75,83.61,150.0,4539.0
Kaele,2021-10-01,27.05,35.86,74.59,46.5,4263.0
Kaele,2021-11-01,28.51,38.19,46.65,1.2,2843.0
Kaele,2021-12-01,26.97,37.82,23.4,0.0,1325.0
Kaele,2022-01-01,25.86,37.99,18.6,0.0,966.0
Kaele,2022-02-01,27.1,39.9,12.07,0.0,669.0
Kaele,2022-03-01,31.89,43.02,12.77,0.0,666.0
Kaele,2022-04-01,32.54,43.77,39.66,19.2,499.0
Kaele,2022-05-01,29.65,39.66,61.17,95.79,586.0
Kaele,2022-06-01,28.43,38.12,65.45,125.1,638.0
Kaele,2022-07-01,25.91,34.96,80.02,176.7,2412.0
Kaele,2022-08-01,24.53,30.27,87.06,234.67,3402.0
Kaele,2022-09-01,25.35,30.92,84.61,389.7,3984.0
Kaele,2022-10-01,25.46,32.97,77.91,27.59,3480.0
Kaele,2022-11-01,25.46,35.59,48.12,0.0,2661.0
Kaele,2022-12-01,24.95,37.14,27.44,0.0,1277.0
Kaele,2023-01-01,26.65,40.27,19.6,0.0,886.0
Kaele,2023-02-01,28.54,41.47,14.18,0.0,699.0
Kaele,2023-03-01,31.69,42.85,18.18,5.27,635.0
Kaele,2023-04-01,34.34,43.6,28.85,3.6,506.0
Kaele,2023-05-01,31.88,42.13,51.63,143.53,524.0
Kaele,2023-06-01,27.93,35.51,71.15,126.3,597.0
Kaele,2023-07-01,27.87,34.8,71.37,94.86,1007.0
Kaele,2023-08-01,25.94,31.93,83.0,210.18,1663.0
Kaele,2023-09-01,26.34,33.57,81.97,128.7,2703.0
Kaele,2023-10-01,28.74,38.12,65.62,37.51,3358.0
Kaele,2023-11-01,29.97,39.32,39.8,6.9,2487.0
Kaele,2023-12-01,27.01,38.58,19.93,0.0,1105.0
Kaele,2024-01-01,25.7,37.23,13.15,0.0,948.0
Kaele,2024-02-01,29.19,43.53,15.63,0.0,758.0
Kaele,2024-03-01,34.16,45.46,13.58,0.0,625.0
Kaele,2024-04-01,35.68,44.76,25.14,4.2,705.0
Kaele,2024-05-01,35.23,45.56,35.46,13.64,859.0
Kaele,2024-06-01,30.26,41.53,60.73,113.7,871.0
Kaele,2024-07-01,27.45,36.56,73.2,161.51,1369.0
Kaele,2024-08-01,25.38,32.53,83.27,223.2,3385.0
Kaele,2024-09-01,26.07,31.76,82.01,146.1,3929.0
Kaele,2024-10-01,26.46,34.73,75.04,63.24,4934.0
Kaele,2024-11-01,25.48,36.64,43.35,0.0,2794.0
Kaele,2024-12-01,25.56,37.69,25.96,0.0,1309.0
Kaele,2025-01-01,27.1,40.65,18.56,0.0,1251.0
Kaele,2025-02-01,29.86,41.69,14.72,0.0,963.0
Kaele,2025-03-01,32.75,43.59,11.99,0.0,798.0
Kaele,2025-04-01,34.33,45.17,22.01,16.8,721.0
Kaele,2025-05-01,34.56,43.94,34.99,16.43,685.0
Kaele,2025-06-01,30.23,42.07,58.92,191.1,673.0
Kaele,2025-07-01,25.71,32.15,82.42,197.16,1206.0
Kaele,2025-08-01,25.08,30.78,84.42,217.31,2507.0
Kaele,2025-09-01,25.93,31.89,82.14,134.7,3959.0
Kaele,2025-10-01,26.66,35.7,71.16,39.68,3988.0
Kaele,2025-11-01,27.94,39.2,37.49,0.0,2139.0
Kaele,2025-12-01,28.31,39.22,21.67,0.0,1268.0
Kar Hay,2017-01-01,28.29,40.8,16.85,0.0,188.0
Kar Hay,2017-02-01,28.18,40.1,11.54,0.0,45.0
Kar Hay,2017-03-01,31.86,43.33,12.33,0.0,77.0
Kar Hay,2017-04-01,33.85,43.96,35.88,27.6,80.0
Kar Hay,2017-05-01,30.72,40.59,56.44,93.93,1.0
Kar Hay,2017-06-01,28.25,39.67,69.05,124.8,149.0
Kar Hay,2017-07-01,25.77,32.91,82.95,231.26,581.0
Kar Hay,2017-08-01,25.18,30.48,85.78,234.36,781.0
Kar Hay,2017-09-01,25.67,32.02,82.95,157.5,1458.0
Kar Hay,2017-10-01,26.91,35.93,69.73,32.24,1508.0
Kar Hay,2017-11-01,28.25,39.14,41.28,0.3,910.0
Kar Hay,2017-12-01,27.4,39.11,21.87,0.0,466.0
Kar Hay,2018-01-01,24.15,36.72,13.49,0.0,
Kar Hay,2018-02-01,30.24,41.77,15.96,4.76,117.0
Kar Hay,2018-03-01,32.57,42.97,16.51,0.31,133.0
Kar Hay,2018-04-01,34.01,43.08,30.69,7.8,200.0
Kar Hay,2018-05-01,29.77,41.94,63.51,121.52,240.0
Kar Hay,2018-06-01,27.81,36.92,71.77,174.6,126.0
Kar Hay,2018-07-01,26.0,32.21,80.95,177.32,571.0
Kar Hay,2018-08-01,25.03,31.15,86.0,305.04,1593.0
Kar Hay,2018-09-01,25.72,32.32,84.11,182.4,1761.0
Kar Hay,2018-10-01,26.81,34.72,76.3,24.18,2919.0
Kar Hay,2018-11-01,27.56,38.49,51.21,8.4,1710.0
Kar Hay,2018-12-01,26.38,38.14,23.41,0.0,617.0
Kar Hay,2019-01-01,27.26,39.99,15.47,0.0,306.0
Kar Hay,2019-02-01,28.91,41.53,15.04,0.28,295.0
Kar Hay,2019-03-01,33.4,44.33,15.85,0.0,259.0
Kar Hay,2019-04-01,34.88,44.97,24.09,1.8,298.0
Kar Hay,2019-05-01,32.22,43.68,49.32,67.89,218.0
Kar Hay,2019-06-01,28.53,38.71,69.71,228.0,223.0
Kar Hay,2019-07-01,26.08,33.68,82.04,212.97,681.0
Kar Hay,2019-08-01,24.78,30.19,86.45,248.93,1450.0
Kar Hay,2019-09-01,25.86,32.12,83.03,124.5,2194.0
Kar Hay,2019-10-01,25.67,32.55,82.15,104.16,1852.0
Kar Hay,2019-11-01,26.15,36.14,59.89,0.0,1825.0
Kar Hay,2019-12-01,25.02,37.45,28.21,0.0,915.0
Kar Hay,2020-01-01,25.13,38.04,18.73,0.0,472.0
Kar Hay,2020-02-01,28.26,42.09,15.14,0.0,377.0
Kar Hay,2020-03-01,32.33,43.29,19.12,2.48,322.0
Kar Hay,2020-04-01,33.89,42.98,33.97,12.0,325.0
Kar Hay,2020-05-01,31.3,41.89,55.16,73.47,316.0
Kar Hay,2020-06-01,29.67,39.03,61.26,79.2,335.0
Kar Hay,2020-07-01,26.91,36.28,73.65,126.17,574.0
Kar Hay,2020-08-01,25.55,33.38,80.92,168.02,1903.0
Kar Hay,2020-09-01,25.3,31.27,84.43,168.6,1686.0
Kar Hay,2020-10-01,26.64,36.59,69.97,35.03,1984.0
Kar Hay,2020-11-01,27.55,37.68,43.6,2.7,2002.0
Kar Hay,2020-12-01,27.71,38.95,24.73,0.0,807.0
Kar Hay,2021-01-01,27.26,39.32,17.45,0.0,667.0
Kar Hay,2021-02-01,27.95,40.62,13.91,0.0,443.0
Kar Hay,2021-03-01,32.67,42.66,22.92,1.55,427.0
Kar Hay,2021-04-01,33.76,43.85,26.21,5.4,453.0
Kar Hay,2021-05-01,32.83,42.39,44.14,36.89,368.0
Kar Hay,2021-06-01,29.54,41.59,61.01,100.5,331.0
Kar Hay,2021-07-01,25.52,35.48,82.64,222.58,1009.0
Kar Hay,2021-08-01,25.25,31.02,84.72,184.76,1996.0
Kar Hay,2021-09-01,25.71,31.79,83.9,156.3,2235.0
Kar Hay,2021-10-01,27.11,34.99,75.07,47.43,2975.0
Kar Hay,2021-11-01,28.7,38.88,49.61,1.2,2074.0
Kar Hay,2021-12-01,27.3,38.45,24.65,0.0,959.0
Kar Hay,2022-01-01,26.14,38.39,19.21,0.0,712.0
Kar Hay,2022-02-01,27.19,40.34,12.75,0.0,542.0
Kar Hay,2022-03-01,32.2,43.12,13.63,0.0,563.0
Kar Hay,2022-04-01,32.95,43.67,37.92,19.5,563.0
Kar Hay,2022-05-01,29.94,39.9,60.48,106.95,685.0
Kar Hay,2022-06-01,28.51,38.83,65.47,128.1,672.0
Kar Hay,2022-07-01,25.92,34.55,80.67,186.31,1057.0
Kar Hay,2022-08-01,24.72,30.31,86.84,231.57,2079.0
Kar Hay,2022-09-01,25.51,31.54,84.79,399.3,1962.0
Kar Hay,2022-10-01,25.67,33.19,78.21,38.13,2431.0
Kar Hay,2022-11-01,25.84,35.63,50.38,0.0,1804.0
Kar Hay,2022-12-01,25.19,37.43,29.51,0.0,849.0
Kar Hay,2023-01-01,26.9,41.15,20.72,0.0,611.0
Kar Hay,2023-02-01,28.72,41.7,14.95,0.0,514.0
Kar Hay,2023-03-01,32.06,43.16,18.6,3.72,539.0
Kar Hay,2023-04-01,34.88,43.87,28.55,2.4,568.0
Kar Hay,2023-05-01,32.0,42.2,51.98,173.29,593.0
Kar Hay,2023-06-01,28.05,35.71,71.45,118.8,697.0
Kar Hay,2023-07-01,28.19,35.53,70.61,94.55,1213.0
Kar Hay,2023-08-01,26.05,32.05,83.52,201.19,1637.0
Kar Hay,2023-09-01,26.61,34.42,81.4,120.3,1982.0
Kar Hay,2023-10-01,28.97,38.5,65.55,37.82,2575.0
Kar Hay,2023-11-01,30.43,39.95,41.89,6.9,1773.0
Kar Hay,2023-12-01,27.48,39.33,20.56,0.0,824.0
Kar Hay,2024-01-01,25.72,37.83,13.98,0.0,608.0
Kar Hay,2024-02-01,29.52,43.9,16.27,0.0,508.0
Kar Hay,2024-03-01,34.37,46.1,14.66,0.31,505.0
Kar Hay,2024-04-01,36.3,44.87,25.68,3.3,595.0
Kar Hay,2024-05-01,35.85,46.31,33.34,14.88,747.0
Kar Hay,2024-06-01,30.05,41.56,62.32,128.1,673.0
Kar Hay,2024-07-01,27.41,36.39,74.78,175.77,776.0
Kar Hay,2024-08-01,25.4,32.04,84.18,254.82,1601.0
Kar Hay,2024-09-01,26.18,31.58,82.5,155.4,2181.0
Kar Hay,2024-10-01,26.37,33.86,77.64,69.13,2735.0
Kar Hay,2024-11-01,25.51,36.83,48.41,0.0,1747.0
Kar Hay,2024-12-01,25.77,38.07,28.26,0.0,769.0
Kar Hay,2025-01-01,27.3,41.24,19.82,0.0,461.0
Kar Hay,2025-02-01,30.03,42.33,15.58,0.0,502.0
Kar Hay,2025-03-01,32.83,43.91,12.45,0.0,537.0
Kar Hay,2025-04-01,34.62,45.38,22.91,16.8,508.0
Kar Hay,2025-05-01,34.97,44.39,34.77,14.88,662.0
Kar Hay,2025-06-01,30.52,42.48,57.83,187.2,491.0
Kar Hay,2025-07-01,25.85,32.08,82.5,216.69,525.0
Kar Hay,2025-08-01,25.21,31.13,84.69,206.46,1191.0
Kar Hay,2025-09-01,26.1,32.02,82.27,141.9,1648.0
Kar Hay,2025-10-01,26.88,36.06,71.43,34.72,2428.0
Kar Hay,2025-11-01,28.22,39.51,39.83,0.3,1391.0
Kar Hay,2025-12-01,28.66,39.65,22.23,0.0,596.0
Kolofata,2017-01-01,24.86,38.77,22.2,0.0,99.0
Kolofata,2017-02-01,24.9,37.81,13.33,0.84,103.0
Kolofata,2017-03-01,29.12,41.38,12.3,0.0,69.0
Kolofata,2017-04-01,32.95,43.02,25.0,1.8,37.0
Kolofata,2017-05-01,30.34,42.12,53.48,103.85,28.0
Kolofata,2017-06-01,28.19,39.48,64.18,115.8,92.0
Kolofata,2017-07-01,25.71,32.47,77.95,204.91,110.0
Kolofata,2017-08-01,24.78,31.58,82.95,202.12,354.0
Kolofata,2017-09-01,25.45,33.38,78.66,114.3,1639.0
Kolofata,2017-10-01,26.79,36.14,53.24,14.88,1008.0
Kolofata,2017-11-01,25.3,37.26,31.53,0.0,587.0
Kolofata,2017-12-01,24.18,36.33,26.43,0.0,554.0
Kolofata,2018-01-01,20.94,33.81,16.82,0.0,369.0
Kolofata,2018-02-01,27.98,40.55,17.01,1.12,229.0
Kolofata,2018-03-01,30.11,40.75,12.23,0.31,157.0
Kolofata,2018-04-01,32.52,42.46,24.75,1.5,92.0
Kolofata,2018-05-01,30.57,41.56,54.16,67.27,63.0
Kolofata,2018-06-01,28.88,39.21,60.11,98.1,64.0
Kolofata,2018-07-01,26.36,34.54,72.86,205.22,593.0
Kolofata,2018-08-01,24.49,30.85,84.34,276.52,2606.0
Kolofata,2018-09-01,25.19,32.2,81.63,183.3,2577.0
Kolofata,2018-10-01,26.56,34.53,69.3,41.54,2378.0
Kolofata,2018-11-01,25.36,35.74,41.09,0.9,1537.0
Kolofata,2018-12-01,22.3,34.54,31.84,0.0,
Kolofata,2019-01-01,23.3,37.18,21.32,0.0,769.0
Kolofata,2019-02-01,25.91,39.47,16.76,0.28,386.0
Kolofata,2019-03-01,30.57,42.25,14.63,0.0,474.0
Kolofata,2019-04-01,33.02,43.11,20.29,1.5,142.0
Kolofata,2019-05-01,31.95,42.8,46.06,53.63,713.0
Kolofata,2019-06-01,28.41,38.48,64.69,211.2,474.0
Kolofata,2019-07-01,25.89,33.99,77.13,166.78,665.0
Kolofata,2019-08-01,24.41,30.22,83.45,152.83,1536.0
Kolofata,2019-09-01,25.94,33.45,76.74,85.2,3389.0
Kolofata,2019-10-01,25.84,34.72,73.65,64.48,4888.0
Kolofata,2019-11-01,26.69,36.81,44.46,0.0,5834.0
Kolofata,2019-12-01,22.12,34.52,27.06,0.0,2939.0
Kolofata,2020-01-01,22.43,36.66,20.76,0.0,1787.0
Kolofata,2020-02-01,25.19,39.2,16.72,0.0,680.0
Kolofata,2020-03-01,30.17,41.93,17.55,0.0,523.0
Kolofata,2020-04-01,32.4,42.83,30.99,21.6,433.0
Kolofata,2020-05-01,30.95,41.79,50.49,21.08,131.0
Kolofata,2020-06-01,30.29,40.55,53.94,40.2,144.0
Kolofata,2020-07-01,26.99,38.83,68.45,143.22,174.0
Kolofata,2020-08-01,24.88,32.71,79.85,164.61,773.0
Kolofata,2020-09-01,25.15,33.5,79.66,144.9,819.0
Kolofata,2020-10-01,26.48,36.05,59.05,22.94,2304.0
Kolofata,2020-11-01,25.21,35.7,40.55,0.3,2473.0
Kolofata,2020-12-01,24.94,36.59,27.9,0.0,2808.0
Kolofata,2021-01-01,24.54,37.27,19.66,0.0,1521.0
Kolofata,2021-02-01,25.07,37.91,15.39,0.0,824.0
Kolofata,2021-03-01,30.3,41.6,22.32,0.62,739.0
Kolofata,2021-04-01,31.96,43.0,23.2,2.4,409.0
Kolofata,2021-05-01,32.79,42.06,35.24,8.99,259.0
Kolofata,2021-06-01,29.85,40.17,54.45,58.5,483.0
Kolofata,2021-07-01,26.38,37.09,71.95,128.96,462.0
Kolofata,2021-08-01,25.78,34.18,75.62,108.5,2052.0
Kolofata,2021-09-01,26.53,35.49,71.9,67.5,4201.0
Kolofata,2021-10-01,28.57,37.71,55.46,34.1,2671.0
Kolofata,2021-11-01,27.68,37.77,33.87,0.0,1529.0
Kolofata,2021-12-01,24.63,36.18,23.82,0.0,1754.0
Kolofata,2022-01-01,22.83,35.94,21.42,0.0,2170.0
Kolofata,2022-02-01,24.16,38.12,14.33,0.0,1716.0
Kolofata,2022-03-01,29.63,41.31,12.54,0.0,1066.0
Kolofata,2022-04-01,32.11,43.29,34.82,10.8,553.0
Kolofata,2022-05-01,30.65,40.31,51.12,24.49,624.0
Kolofata,2022-06-01,29.39,40.24,55.44,54.0,454.0
Kolofata,2022-07-01,26.68,37.99,70.91,167.09,1829.0
Kolofata,2022-08-01,24.36,32.11,83.8,227.85,2036.0
Kolofata,2022-09-01,25.11,31.98,80.94,195.9,3747.0
Kolofata,2022-10-01,25.9,34.42,64.46,3.41,5392.0
Kolofata,2022-11-01,24.29,35.49,38.41,0.0,3551.0
Kolofata,2022-12-01,22.25,36.26,30.75,0.0,3111.0
Kolofata,2023-01-01,23.77,38.5,23.62,0.0,1919.0
Kolofata,2023-02-01,25.69,39.84,16.92,0.0,1558.0
Kolofata,2023-03-01,29.88,42.1,16.92,1.24,1307.0
Kolofata,2023-04-01,32.84,42.54,26.18,3.6,575.0
Kolofata,2023-05-01,31.75,41.51,45.5,62.31,691.0
Kolofata,2023-06-01,28.88,38.51,60.12,75.3,393.0
Kolofata,2023-07-01,29.06,38.12,58.67,76.26,845.0
Kolofata,2023-08-01,26.85,36.59,71.34,135.16,1776.0
Kolofata,2023-09-01,27.29,37.7,69.61,87.9,3074.0
Kolofata,2023-10-01,29.67,38.62,48.33,12.09,5547.0
Kolofata,2023-11-01,28.72,38.4,32.95,3.3,4007.0
Kolofata,2023-12-01,24.18,37.3,23.27,0.0,2141.0
Kolofata,2024-01-01,22.81,35.32,16.75,0.0,1053.0
Kolofata,2024-02-01,26.36,42.2,17.5,0.29,1296.0
Kolofata,2024-03-01,32.32,44.4,13.22,0.0,713.0
Kolofata,2024-04-01,34.23,44.68,19.89,0.6,476.0
Kolofata,2024-05-01,34.95,43.95,31.5,5.58,569.0
Kolofata,2024-06-01,30.34,41.4,56.04,121.2,493.0
Kolofata,2024-07-01,26.41,36.23,75.63,287.37,1059.0
Kolofata,2024-08-01,24.33,29.71,86.85,310.31,4188.0
Kolofata,2024-09-01,25.36,31.7,81.64,111.6,6055.0
Kolofata,2024-10-01,25.47,32.99,72.76,64.79,8553.0
Kolofata,2024-11-01,22.21,33.86,50.48,0.0,5022.0
Kolofata,2024-12-01,21.32,34.39,38.86,0.0,3680.0
Kolofata,2025-01-01,23.15,37.01,28.26,0.0,3295.0
Kolofata,2025-02-01,26.73,39.71,18.66,0.0,1878.0
Kolofata,2025-03-01,30.57,42.5,13.51,0.0,1643.0
Kolofata,2025-04-01,32.89,43.64,18.26,4.2,968.0
Kolofata,2025-05-01,34.11,43.54,27.23,5.27,1043.0
Kolofata,2025-06-01,31.36,41.72,47.47,57.6,1005.0
Kolofata,2025-07-01,26.35,35.63,72.96,257.92,2910.0
Kolofata,2025-08-01,25.08,32.62,79.44,194.37,3403.0
Kolofata,2025-09-01,25.8,33.53,78.23,100.2,3577.0
Kolofata,2025-10-01,26.74,36.41,58.91,21.7,4312.0
Kolofata,2025-11-01,25.94,37.44,35.04,0.0,2625.0
Kolofata,2025-12-01,25.35,37.14,27.25,0.0,1652.0
Kousseri,2017-01-01,27.29,41.22,16.47,0.0,798.0
Kousseri,2017-02-01,26.97,39.66,11.27,0.0,551.0
Kousseri,2017-03-01,31.22,43.74,11.26,0.0,1103.0
Kousseri,2017-04-01,35.08,44.91,21.4,0.6,665.0
Kousseri,2017-05-01,33.93,44.72,41.63,42.16,792.0
Kousseri,2017-06-01,29.93,41.51,61.91,88.2,141.0
Kousseri,2017-07-01,28.12,36.65,71.14,146.94,413.0
Kousseri,2017-08-01,26.53,34.19,79.53,182.9,872.0
Kousseri,2017-09-01,27.28,36.77,75.55,93.3,1113.0
Kousseri,2017-10-01,28.47,39.53,48.65,11.78,1004.0
Kousseri,2017-11-01,28.49,40.65,20.78,0.0,491.0
Kousseri,2017-12-01,26.8,38.8,19.55,0.0,532.0
Kousseri,2018-01-01,22.83,35.73,14.44,0.0,589.0
Kousseri,2018-02-01,29.91,42.41,14.8,1.4,857.0
Kousseri,2018-03-01,32.07,43.15,11.5,0.0,635.0
Kousseri,2018-04-01,34.5,45.43,20.64,4.2,659.0
Kousseri,2018-05-01,33.34,44.2,46.79,30.38,346.0
Kousseri,2018-06-01,31.17,43.23,55.59,64.5,238.0
Kousseri,2018-07-01,27.85,36.71,71.4,209.25,1046.0
Kousseri,2018-08-01,26.13,32.51,81.86,265.67,854.0
Kousseri,2018-09-01,26.38,33.1,82.04,139.5,
Kousseri,2018-10-01,28.02,38.03,67.73,10.23,1800.0
Kousseri,2018-11-01,28.0,39.3,31.64,0.3,455.0
Kousseri,2018-12-01,25.53,37.77,21.34,0.0,120.0
Kousseri,2019-01-01,25.97,39.54,15.16,0.0,1059.0
Kousseri,2019-02-01,27.7,41.01,13.87,0.0,1024.0
Kousseri,2019-03-01,32.55,44.98,13.3,0.0,1376.0
Kousseri,2019-04-01,35.09,45.23,16.43,1.2,1337.0
Kousseri,2019-05-01,34.75,45.77,39.35,28.21,721.0
Kousseri,2019-06-01,30.35,41.38,62.7,138.6,709.0
Kousseri,2019-07-01,28.02,37.4,71.89,106.33,1056.0
Kousseri,2019-08-01,26.38,33.59,79.74,178.56,1608.0
Kousseri,2019-09-01,27.76,37.54,74.01,67.8,2147.0
Kousseri,2019-10-01,27.52,37.11,71.68,58.28,2100.0
Kousseri,2019-11-01,28.21,39.2,41.11,0.0,2223.0
Kousseri,2019-12-01,24.77,36.98,19.44,0.0,1604.0
Kousseri,2020-01-01,24.36,38.24,17.97,0.0,1466.0
Kousseri,2020-02-01,27.01,41.41,14.74,0.0,1320.0
Kousseri,2020-03-01,32.2,43.85,15.98,0.0,1261.0
Kousseri,2020-04-01,35.12,45.65,22.02,2.4,1016.0
Kousseri,2020-05-01,34.26,45.09,37.97,13.33,924.0
Kousseri,2020-06-01,33.54,43.64,44.58,37.2,920.0
Kousseri,2020-07-01,28.95,39.26,65.06,83.08,1270.0
Kousseri,2020-08-01,27.04,35.56,75.64,145.7,2088.0
Kousseri,2020-09-01,26.75,35.13,77.91,113.4,2512.0
Kousseri,2020-10-01,27.62,38.19,61.26,29.14,3444.0
Kousseri,2020-11-01,27.47,38.53,35.29,0.0,2896.0
Kousseri,2020-12-01,27.03,39.28,23.45,0.0,1892.0
Kousseri,2021-01-01,26.4,38.78,17.72,0.0,2501.0
Kousseri,2021-02-01,26.83,39.83,13.96,0.0,2266.0
Kousseri,2021-03-01,32.61,43.86,16.56,0.31,2131.0
Kousseri,2021-04-01,33.85,44.51,16.61,0.3,1092.0
Kousseri,2021-05-01,35.0,44.34,28.59,8.68,872.0
Kousseri,2021-06-01,32.0,41.89,50.12,41.1,539.0
Kousseri,2021-07-01,28.54,39.43,67.34,133.92,1371.0
Kousseri,2021-08-01,27.29,36.01,75.09,78.43,3016.0
Kousseri,2021-09-01,28.27,38.88,70.28,56.7,3674.0
Kousseri,2021-10-01,30.72,40.88,51.75,24.8,4173.0
Kousseri,2021-11-01,30.15,40.82,26.43,0.0,2174.0
Kousseri,2021-12-01,26.72,38.22,20.48,0.0,1440.0
Kousseri,2022-01-01,24.64,37.66,19.67,0.0,1819.0
Kousseri,2022-02-01,25.98,39.86,12.71,0.0,1878.0
Kousseri,2022-03-01,31.57,44.6,11.09,0.0,1903.0
Kousseri,2022-04-01,34.87,45.24,27.13,3.3,861.0
Kousseri,2022-05-01,33.69,42.56,42.0,18.91,1087.0
Kousseri,2022-06-01,31.44,42.67,50.84,51.9,833.0
Kousseri,2022-07-01,28.71,40.17,67.28,134.23,1309.0
Kousseri,2022-08-01,25.91,34.85,81.7,219.79,1860.0
Kousseri,2022-09-01,26.31,33.28,81.95,137.7,2383.0
Kousseri,2022-10-01,27.27,36.29,64.6,5.27,3064.0
Kousseri,2022-11-01,26.66,38.13,31.84,0.0,1898.0
Kousseri,2022-12-01,24.82,38.57,24.16,0.0,1598.0
Kousseri,2023-01-01,25.93,41.11,19.82,0.0,1349.0
Kousseri,2023-02-01,27.68,41.31,14.97,0.0,1010.0
Kousseri,2023-03-01,31.76,43.69,16.67,6.2,1201.0
Kousseri,2023-04-01,35.19,44.47,20.41,7.5,707.0
Kousseri,2023-05-01,34.93,44.78,35.76,20.15,673.0
Kousseri,2023-06-01,30.28,40.87,60.97,82.2,722.0
Kousseri,2023-07-01,29.94,39.03,63.07,101.06,1193.0
Kousseri,2023-08-01,27.96,36.5,74.34,129.89,1360.0
Kousseri,2023-09-01,28.59,38.77,71.76,100.5,1704.0
Kousseri,2023-10-01,30.93,41.06,48.7,13.02,2052.0
Kousseri,2023-11-01,30.76,40.71,27.73,0.9,1322.0
Kousseri,2023-12-01,26.4,39.54,19.9,0.0,1525.0
Kousseri,2024-01-01,24.77,37.05,15.23,0.0,1611.0
Kousseri,2024-02-01,28.06,43.93,16.3,0.0,1777.0
Kousseri,2024-03-01,33.84,46.19,11.91,0.0,1465.0
Kousseri,2024-04-01,36.2,46.53,15.88,3.9,1161.0
Kousseri,2024-05-01,37.24,46.91,24.9,4.03,1028.0
Kousseri,2024-06-01,32.08,43.19,54.7,93.9,867.0
Kousseri,2024-07-01,28.44,38.39,72.0,157.17,1314.0
Kousseri,2024-08-01,25.99,33.16,84.15,258.23,1588.0
Kousseri,2024-09-01,26.99,33.65,80.04,87.9,1675.0
Kousseri,2024-10-01,27.36,37.11,67.93,39.99,1888.0
Kousseri,2024-11-01,25.61,38.45,37.03,0.0,2227.0
Kousseri,2024-12-01,24.59,38.09,27.86,0.0,2028.0
Kousseri,2025-01-01,25.9,39.66,21.24,0.0,2146.0
Kousseri,2025-02-01,28.92,41.88,15.79,0.0,1934.0
Kousseri,2025-03-01,32.4,44.2,12.19,0.0,1472.0
Kousseri,2025-04-01,34.77,45.72,16.51,2.1,1169.0
Kousseri,2025-05-01,36.12,45.54,23.81,5.89,967.0
Kousseri,2025-06-01,33.38,43.57,45.36,68.1,1160.0
Kousseri,2025-07-01,28.54,39.22,68.82,174.84,1117.0
Kousseri,2025-08-01,26.8,33.9,77.07,184.45,1923.0
Kousseri,2025-09-01,27.16,35.34,78.31,100.2,1838.0
Kousseri,2025-10-01,28.08,38.87,58.17,13.02,1513.0
Kousseri,2025-11-01,28.64,39.97,26.77,0.0,1074.0
Kousseri,2025-12-01,27.73,39.93,21.83,0.0,1248.0
Koza,2017-01-01,24.86,38.77,22.2,0.0,168.0
Koza,2017-02-01,24.9,37.81,13.33,0.84,72.0
Koza,2017-03-01,29.12,41.38,12.3,0.0,141.0
Koza,2017-04-01,32.95,43.02,25.0,1.8,320.0
Koza,2017-05-01,30.34,42.12,53.48,103.85,191.0
Koza,2017-06-01,28.19,39.48,64.18,115.8,170.0
Koza,2017-07-01,25.71,32.47,77.95,204.91,373.0
Koza,2017-08-01,24.78,31.58,82.95,202.12,914.0
Koza,2017-09-01,25.45,33.38,78.66,114.3,2210.0
Koza,2017-10-01,26.79,36.14,53.24,14.88,1492.0
Koza,2017-11-01,25.3,37.26,31.53,0.0,1032.0
Koza,2017-12-01,24.18,36.33,26.43,0.0,905.0
Koza,2018-01-01,20.94,33.81,16.82,0.0,166.0
Koza,2018-02-01,27.98,40.55,17.01,1.12,240.0
Koza,2018-03-01,30.11,40.75,12.23,0.31,74.0
Koza,2018-04-01,32.52,42.46,24.75,1.5,70.0
Koza,2018-05-01,30.57,41.56,54.16,67.27,9.0
Koza,2018-06-01,28.88,39.21,60.11,98.1,58.0
Koza,2018-07-01,26.36,34.54,72.86,205.22,584.0
Koza,2018-08-01,24.49,30.85,84.34,276.52,729.0
Koza,2018-09-01,25.19,32.2,81.63,183.3,345.0
Koza,2018-10-01,26.56,34.53,69.3,41.54,347.0
Koza,2018-11-01,25.36,35.74,41.09,0.9,186.0
Koza,2018-12-01,22.3,34.54,31.84,0.0,269.0
Koza,2019-01-01,23.3,37.18,21.32,0.0,371.0
Koza,2019-02-01,25.91,39.47,16.76,0.28,283.0
Koza,2019-03-01,30.57,42.25,14.63,0.0,464.0
Koza,2019-04-01,33.02,43.11,20.29,1.5,232.0
Koza,2019-05-01,31.95,42.8,46.06,53.63,277.0
Koza,2019-06-01,28.41,38.48,64.69,211.2,318.0
Koza,2019-07-01,25.89,33.99,77.13,166.78,646.0
Koza,2019-08-01,24.41,30.22,83.45,152.83,871.0
Koza,2019-09-01,25.94,33.45,76.74,85.2,1061.0
Koza,2019-10-01,25.84,34.72,73.65,64.48,2161.0
Koza,2019-11-01,26.69,36.81,44.46,0.0,1934.0
Koza,2019-12-01,22.12,34.52,27.06,0.0,1334.0
Koza,2020-01-01,22.43,36.66,20.76,0.0,846.0
Koza,2020-02-01,25.19,39.2,16.72,0.0,426.0
Koza,2020-03-01,30.17,41.93,17.55,0.0,521.0
Koza,2020-04-01,32.4,42.83,30.99,21.6,495.0
Koza,2020-05-01,30.95,41.79,50.49,21.08,436.0
Koza,2020-06-01,30.29,40.55,53.94,40.2,483.0
Koza,2020-07-01,26.99,38.83,68.45,143.22,563.0
Koza,2020-08-01,24.88,32.71,79.85,164.61,1770.0
Koza,2020-09-01,25.15,33.5,79.66,144.9,1766.0
Koza,2020-10-01,26.48,36.05,59.05,22.94,2334.0
Koza,2020-11-01,25.21,35.7,40.55,0.3,1664.0
Koza,2020-12-01,24.94,36.59,27.9,0.0,1363.0
Koza,2021-01-01,24.54,37.27,19.66,0.0,1016.0
Koza,2021-02-01,25.07,37.91,15.39,0.0,679.0
Koza,2021-03-01,30.3,41.6,22.32,0.62,649.0
Koza,2021-04-01,31.96,43.0,23.2,2.4,472.0
Koza,2021-05-01,32.79,42.06,35.24,8.99,517.0
Koza,2021-06-01,29.85,40.17,54.45,58.5,478.0
Koza,2021-07-01,26.38,37.09,71.95,128.96,613.0
Koza,2021-08-01,25.78,34.18,75.62,108.5,1471.0
Koza,2021-09-01,26.53,35.49,71.9,67.5,2057.0
Koza,2021-10-01,28.57,37.71,55.46,34.1,2028.0
Koza,2021-11-01,27.68,37.77,33.87,0.0,1529.0
Koza,2021-12-01,24.63,36.18,23.82,0.0,865.0
Koza,2022-01-01,22.83,35.94,21.42,0.0,804.0
Koza,2022-02-01,24.16,38.12,14.33,0.0,621.0
Koza,2022-03-01,29.63,41.31,12.54,0.0,605.0
Koza,2022-04-01,32.11,43.29,34.82,10.8,410.0
Koza,2022-05-01,30.65,40.31,51.12,24.49,472.0
Koza,2022-06-01,29.39,40.24,55.44,54.0,479.0
Koza,2022-07-01,26.68,37.99,70.91,167.09,1550.0
Koza,2022-08-01,24.36,32.11,83.8,227.85,1771.0
Koza,2022-09-01,25.11,31.98,80.94,195.9,1308.0
Koza,2022-10-01,25.9,34.42,64.46,3.41,1450.0
Koza,2022-11-01,24.29,35.49,38.41,0.0,928.0
Koza,2022-12-01,22.25,36.26,30.75,0.0,939.0
Koza,2023-01-01,23.77,38.5,23.62,0.0,897.0
Koza,2023-02-01,25.69,39.84,16.92,0.0,648.0
Koza,2023-03-01,29.88,42.1,16.92,1.24,597.0
Koza,2023-04-01,32.84,42.54,26.18,3.6,605.0
Koza,2023-05-01,31.75,41.51,45.5,62.31,684.0
Koza,2023-06-01,28.88,38.51,60.12,75.3,735.0
Koza,2023-07-01,29.06,38.12,58.67,76.26,792.0
Koza,2023-08-01,26.85,36.59,71.34,135.16,1243.0
Koza,2023-09-01,27.29,37.7,69.61,87.9,1568.0
Koza,2023-10-01,29.67,38.62,48.33,12.09,2171.0
Koza,2023-11-01,28.72,38.4,32.95,3.3,1539.0
Koza,2023-12-01,24.18,37.3,23.27,0.0,969.0
Koza,2024-01-01,22.81,35.32,16.75,0.0,858.0
Koza,2024-02-01,26.36,42.2,17.5,0.29,643.0
Koza,2024-03-01,32.32,44.4,13.22,0.0,637.0
Koza,2024-04-01,34.23,44.68,19.89,0.6,691.0
Koza,2024-05-01,34.95,43.95,31.5,5.58,759.0
Koza,2024-06-01,30.34,41.4,56.04,121.2,907.0
Koza,2024-07-01,26.41,36.23,75.63,287.37,1138.0
Koza,2024-08-01,24.33,29.71,86.85,310.31,1585.0
Koza,2024-09-01,25.36,31.7,81.64,111.6,2534.0
Koza,2024-10-01,25.47,32.99,72.76,64.79,2426.0
Koza,2024-11-01,22.21,33.86,50.48,0.0,1607.0
Koza,2024-12-01,21.32,34.39,38.86,0.0,1278.0
Koza,2025-01-01,23.15,37.01,28.26,0.0,996.0
Koza,2025-02-01,26.73,39.71,18.66,0.0,753.0
Koza,2025-03-01,30.57,42.5,13.51,0.0,703.0
Koza,2025-04-01,32.89,43.64,18.26,4.2,607.0
Koza,2025-05-01,34.11,43.54,27.23,5.27,599.0
Koza,2025-06-01,31.36,41.72,47.47,57.6,694.0
Koza,2025-07-01,26.35,35.63,72.96,257.92,691.0
Koza,2025-08-01,25.08,32.62,79.44,194.37,1410.0
Koza,2025-09-01,25.8,33.53,78.23,100.2,1921.0
Koza,2025-10-01,26.74,36.41,58.91,21.7,1821.0
Koza,2025-11-01,25.94,37.44,35.04,0.0,992.0
Koza,2025-12-01,25.35,37.14,27.25,0.0,909.0
Mada,2017-01-01,25.86,40.24,20.17,0.0,791.0
Mada,2017-02-01,25.34,38.67,14.4,0.0,537.0
Mada,2017-03-01,30.02,42.72,14.04,0.0,563.0
Mada,2017-04-01,34.42,44.54,17.46,0.0,700.0
Mada,2017-05-01,35.15,45.07,32.6,9.61,367.0
Mada,2017-06-01,31.68,43.15,53.38,113.4,
Mada,2017-07-01,29.03,38.42,65.56,115.63,468.0
Mada,2017-08-01,27.64,35.51,72.93,141.36,1240.0
Mada,2017-09-01,28.41,38.13,68.4,95.4,1392.0
Mada,2017-10-01,28.91,39.04,37.73,4.03,1251.0
Mada,2017-11-01,27.22,39.34,21.39,0.0,648.0
Mada,2017-12-01,25.47,37.75,23.04,0.0,508.0
Mada,2018-01-01,21.37,33.61,19.28,0.0,984.0
Mada,2018-02-01,28.7,41.25,17.37,0.0,509.0
Mada,2018-03-01,31.26,42.71,12.0,0.0,586.0
Mada,2018-04-01,34.01,45.12,16.28,0.6,554.0
Mada,2018-05-01,34.9,45.28,37.48,27.28,374.0
Mada,2018-06-01,32.67,43.89,47.66,90.0,18.0
Mada,2018-07-01,28.83,37.4,65.96,198.09,206.0
Mada,2018-08-01,26.84,33.58,78.08,266.29,251.0
Mada,2018-09-01,27.03,34.9,78.1,114.6,404.0
Mada,2018-10-01,28.18,37.81,61.87,9.3,488.0
Mada,2018-11-01,26.15,36.88,31.19,0.0,234.0
Mada,2018-12-01,23.61,36.07,26.37,0.0,822.0
Mada,2019-01-01,24.02,38.13,19.55,0.0,530.0
Mada,2019-02-01,25.98,39.44,17.52,0.0,372.0
Mada,2019-03-01,31.44,44.4,15.42,0.0,617.0
Mada,2019-04-01,34.5,45.12,15.32,0.9,490.0
Mada,2019-05-01,35.18,45.68,33.87,17.36,236.0
Mada,2019-06-01,31.83,43.68,53.81,103.2,78.0
Mada,2019-07-01,29.34,38.96,64.45,121.83,434.0
Mada,2019-08-01,27.24,35.23,74.88,172.36,456.0
Mada,2019-09-01,28.64,38.5,68.24,84.0,729.0
Mada,2019-10-01,28.02,37.31,67.16,54.87,815.0
Mada,2019-11-01,27.46,38.16,35.81,0.0,953.0
Mada,2019-12-01,23.02,34.9,24.19,0.0,447.0
Mada,2020-01-01,22.68,37.18,22.38,0.0,924.0
Mada,2020-02-01,25.14,39.41,18.49,0.0,768.0
Mada,2020-03-01,31.28,43.41,17.16,0.0,760.0
Mada,2020-04-01,34.27,46.13,17.92,0.3,927.0
Mada,2020-05-01,34.71,44.65,31.5,12.4,619.0
Mada,2020-06-01,34.26,43.83,40.19,22.8,496.0
Mada,2020-07-01,29.44,40.48,63.16,142.6,659.0
Mada,2020-08-01,26.62,34.71,79.69,398.66,1478.0
Mada,2020-09-01,26.79,34.78,78.49,90.9,1928.0
Mada,2020-10-01,26.58,36.02,64.15,88.04,2231.0
Mada,2020-11-01,23.85,34.77,48.41,0.3,1668.0
Mada,2020-12-01,24.66,36.94,31.25,0.0,2287.0
Mada,2021-01-01,24.48,37.04,23.41,0.0,2232.0
Mada,2021-02-01,25.11,38.19,18.8,0.0,1668.0
Mada,2021-03-01,31.16,43.51,16.98,0.0,1572.0
Mada,2021-04-01,33.07,43.9,14.75,0.0,850.0
Mada,2021-05-01,35.17,44.21,23.56,1.86,1647.0
Mada,2021-06-01,32.95,42.89,45.1,33.3,692.0
Mada,2021-07-01,29.29,40.35,64.7,227.85,957.0
Mada,2021-08-01,27.32,35.38,76.43,102.3,3257.0
Mada,2021-09-01,27.96,36.51,72.07,113.4,2794.0
Mada,2021-10-01,28.6,38.24,51.66,43.09,1640.0
Mada,2021-11-01,27.9,38.26,29.06,0.0,1597.0
Mada,2021-12-01,24.6,36.18,25.19,0.0,1956.0
Mada,2022-01-01,22.7,35.72,24.27,0.0,1266.0
Mada,2022-02-01,24.28,38.59,16.87,0.0,1046.0
Mada,2022-03-01,30.09,43.24,13.62,0.0,1953.0
Mada,2022-04-01,34.67,44.85,23.96,2.1,1516.0
Mada,2022-05-01,34.28,42.89,34.44,17.36,939.0
Mada,2022-06-01,32.79,43.14,43.19,56.4,878.0
Mada,2022-07-01,28.92,39.98,66.52,200.26,1152.0
Mada,2022-08-01,26.36,34.08,79.5,267.22,1778.0
Mada,2022-09-01,26.69,34.7,79.9,150.6,2525.0
Mada,2022-10-01,26.51,34.22,62.9,4.34,1627.0
Mada,2022-11-01,24.23,35.36,38.4,0.0,1382.0
Mada,2022-12-01,23.1,36.88,29.24,0.0,1282.0
Mada,2023-01-01,24.3,39.62,24.44,0.0,1444.0
Mada,2023-02-01,25.95,40.3,19.43,0.0,1425.0
Mada,2023-03-01,30.83,42.52,17.56,3.1,1414.0
Mada,2023-04-01,34.22,44.09,20.18,13.5,1332.0
Mada,2023-05-01,35.43,44.57,30.2,17.98,1410.0
Mada,2023-06-01,31.61,41.64,54.24,72.6,1178.0
Mada,2023-07-01,31.64,40.67,54.25,132.68,1518.0
Mada,2023-08-01,28.34,36.92,72.83,389.05,1391.0
Mada,2023-09-01,28.51,38.83,72.14,78.3,1204.0
Mada,2023-10-01,29.34,38.85,47.21,7.75,1151.0
Mada,2023-11-01,29.09,38.68,30.35,0.0,988.0
Mada,2023-12-01,24.61,37.85,25.78,0.0,877.0
Mada,2024-01-01,22.99,35.21,21.22,0.0,975.0
Mada,2024-02-01,26.5,42.95,19.64,0.0,946.0
Mada,2024-03-01,33.02,45.19,13.86,0.0,885.0
Mada,2024-04-01,35.51,46.53,13.47,0.0,803.0
Mada,2024-05-01,36.99,46.45,20.99,13.64,704.0
Mada,2024-06-01,33.69,42.07,46.65,92.4,787.0
Mada,2024-07-01,28.71,37.5,71.05,267.84,1284.0
Mada,2024-08-01,26.12,31.8,84.58,301.94,1363.0
Mada,2024-09-01,27.39,34.29,78.19,103.5,1419.0
Mada,2024-10-01,26.56,35.81,68.66,34.72,1398.0
Mada,2024-11-01,22.04,34.45,49.19,0.0,878.0
Mada,2024-12-01,21.68,35.45,36.62,0.0,916.0
Mada,2025-01-01,23.63,37.51,28.04,0.0,1017.0
Mada,2025-02-01,27.14,40.36,20.5,0.0,1186.0
Mada,2025-03-01,31.28,43.83,15.66,0.0,1204.0
Mada,2025-04-01,33.97,45.41,15.73,0.0,706.0
Mada,2025-05-01,35.51,45.43,21.75,9.92,832.0
Mada,2025-06-01,34.77,44.07,35.81,37.2,685.0
Mada,2025-07-01,29.2,39.09,65.34,416.64,885.0
Mada,2025-08-01,26.86,34.38,77.99,269.08,1161.0
Mada,2025-09-01,27.52,35.53,76.07,110.1,1074.0
Mada,2025-10-01,26.85,36.29,58.81,17.36,999.0
Mada,2025-11-01,25.7,37.2,37.34,0.0,1021.0
Mada,2025-12-01,25.47,37.88,29.09,0.0,1237.0
Maga,2017-01-01,27.67,41.15,17.07,0.0,203.0
Maga,2017-02-01,27.51,39.9,11.78,0.0,248.0
Maga,2017-03-01,31.5,43.26,11.82,0.0,257.0
Maga,2017-04-01,35.1,44.77,25.29,2.4,272.0
Maga,2017-05-01,32.86,43.6,47.0,62.62,170.0
Maga,2017-06-01,29.18,40.01,65.79,94.2,228.0
Maga,2017-07-01,27.43,35.14,74.71,181.35,466.0
Maga,2017-08-01,25.96,32.55,82.83,263.81,
Maga,2017-09-01,26.51,34.16,79.93,115.8,1190.0
Maga,2017-10-01,27.97,38.45,57.61,16.12,973.0
Maga,2017-11-01,28.5,40.59,25.27,0.0,349.0
Maga,2017-12-01,27.11,38.8,20.2,0.0,253.0
Maga,2018-01-01,23.41,36.05,14.52,0.0,259.0
Maga,2018-02-01,30.17,42.39,15.53,1.96,149.0
Maga,2018-03-01,32.3,43.0,13.21,0.0,132.0
Maga,2018-04-01,34.57,44.89,24.11,6.9,129.0
Maga,2018-05-01,31.82,43.67,54.31,53.94,120.0
Maga,2018-06-01,29.86,41.13,61.72,95.4,114.0
Maga,2018-07-01,27.35,35.3,73.98,217.62,862.0
Maga,2018-08-01,25.83,31.72,83.16,304.11,994.0
Maga,2018-09-01,26.25,33.03,82.61,153.9,1503.0
Maga,2018-10-01,27.82,37.72,70.28,15.81,1625.0
Maga,2018-11-01,28.06,39.31,37.21,2.1,804.0
Maga,2018-12-01,26.08,38.36,21.45,0.0,124.0
Maga,2019-01-01,26.51,39.84,15.64,0.0,256.0
Maga,2019-02-01,28.27,41.72,14.6,0.0,209.0
Maga,2019-03-01,33.01,44.91,14.25,0.0,382.0
Maga,2019-04-01,35.14,45.07,18.5,0.6,138.0
Maga,2019-05-01,33.91,45.47,43.24,42.16,54.0
Maga,2019-06-01,29.84,40.4,64.95,186.3,334.0
Maga,2019-07-01,27.19,36.07,76.62,135.16,368.0
Maga,2019-08-01,25.82,31.48,82.39,176.7,836.0
Maga,2019-09-01,27.03,35.64,77.96,93.6,1557.0
Maga,2019-10-01,26.95,36.13,75.15,70.37,1765.0
Maga,2019-11-01,27.73,38.73,47.91,0.0,1608.0
Maga,2019-12-01,25.16,37.52,20.61,0.0,1134.0
Maga,2020-01-01,24.8,38.15,18.31,0.0,701.0
Maga,2020-02-01,27.6,41.69,15.19,0.0,492.0
Maga,2020-03-01,32.43,43.97,17.14,0.0,498.0
Maga,2020-04-01,34.95,44.79,25.68,6.0,325.0
Maga,2020-05-01,33.33,44.73,45.09,25.73,192.0
Maga,2020-06-01,32.58,42.73,48.43,39.6,333.0
Maga,2020-07-01,28.37,38.32,67.86,99.2,877.0
Maga,2020-08-01,26.67,35.15,76.82,141.36,1544.0
Maga,2020-09-01,26.25,33.69,80.32,153.0,2038.0
Maga,2020-10-01,27.22,37.23,65.53,37.2,3230.0
Maga,2020-11-01,27.78,38.16,37.73,0.3,2664.0
Maga,2020-12-01,27.48,39.08,23.88,0.0,1866.0
Maga,2021-01-01,26.88,39.06,17.94,0.0,1804.0
Maga,2021-02-01,27.38,40.01,14.28,0.0,1192.0
Maga,2021-03-01,32.9,43.64,18.55,0.62,940.0
Maga,2021-04-01,34.02,44.45,19.74,0.9,534.0
Maga,2021-05-01,34.57,44.06,32.91,11.78,426.0
Maga,2021-06-01,31.06,41.24,54.68,53.1,504.0
Maga,2021-07-01,27.59,37.82,71.83,135.47,832.0
Maga,2021-08-01,26.81,34.68,76.96,101.99,2016.0
Maga,2021-09-01,27.65,37.69,73.29,72.3,2130.0
Maga,2021-10-01,30.01,40.34,58.33,30.69,1920.0
Maga,2021-11-01,30.48,40.66,30.93,0.0,1013.0
Maga,2021-12-01,27.14,38.54,21.32,0.0,846.0
Maga,2022-01-01,25.29,37.96,19.81,0.0,776.0
Maga,2022-02-01,26.54,40.0,13.1,0.0,728.0
Maga,2022-03-01,31.98,44.18,11.8,0.0,856.0
Maga,2022-04-01,34.41,44.8,30.89,6.9,563.0
Maga,2022-05-01,32.34,41.82,49.37,40.3,391.0
Maga,2022-06-01,30.5,41.56,55.82,64.2,496.0
Maga,2022-07-01,28.11,38.88,69.89,131.13,888.0
Maga,2022-08-01,25.69,33.87,82.85,228.78,1548.0
Maga,2022-09-01,26.13,32.93,82.51,187.8,1653.0
Maga,2022-10-01,27.09,35.98,68.06,7.75,1281.0
Maga,2022-11-01,27.06,37.77,34.18,0.0,1194.0
Maga,2022-12-01,25.31,38.85,24.49,0.0,806.0
Maga,2023-01-01,26.45,41.09,20.15,0.0,485.0
Maga,2023-02-01,28.21,41.45,15.23,0.0,486.0
Maga,2023-03-01,32.05,43.86,17.44,2.17,744.0
Maga,2023-04-01,35.26,44.21,22.85,4.2,616.0
Maga,2023-05-01,33.97,44.05,41.71,48.67,533.0
Maga,2023-06-01,29.58,39.67,64.5,102.9,703.0
Maga,2023-07-01,29.38,38.22,65.7,92.38,940.0
Maga,2023-08-01,27.48,35.53,76.51,143.22,1030.0
Maga,2023-09-01,28.1,37.56,74.03,119.1,1173.0
Maga,2023-10-01,30.64,40.91,53.86,16.74,1078.0
Maga,2023-11-01,30.97,40.68,30.23,1.8,1074.0
Maga,2023-12-01,26.84,39.48,20.19,0.0,936.0
Maga,2024-01-01,25.24,37.26,15.19,0.0,830.0
Maga,2024-02-01,28.64,44.04,16.61,0.0,764.0
Maga,2024-03-01,34.14,46.32,12.89,0.0,657.0
Maga,2024-04-01,36.45,46.09,18.75,4.8,598.0
Maga,2024-05-01,37.0,46.95,28.11,8.37,706.0
Maga,2024-06-01,31.11,43.11,59.32,101.7,790.0
Maga,2024-07-01,27.89,37.62,74.61,202.12,950.0
Maga,2024-08-01,25.7,31.55,85.27,273.42,1159.0
Maga,2024-09-01,26.74,32.83,80.97,114.9,1085.0
Maga,2024-10-01,26.98,36.0,72.1,54.56,1220.0
Maga,2024-11-01,25.8,37.83,40.39,0.0,1089.0
Maga,2024-12-01,25.25,37.85,27.44,0.0,1128.0
Maga,2025-01-01,26.53,40.33,20.93,0.0,1072.0
Maga,2025-02-01,29.39,42.22,16.05,0.0,1013.0
Maga,2025-03-01,32.7,43.93,12.61,0.0,1089.0
Maga,2025-04-01,34.79,45.49,18.7,6.0,642.0
Maga,2025-05-01,36.03,45.18,26.97,4.96,549.0
Maga,2025-06-01,32.36,42.93,50.2,73.2,714.0
Maga,2025-07-01,27.76,37.56,72.83,203.36,741.0
Maga,2025-08-01,26.32,32.98,79.87,229.71,1205.0
Maga,2025-09-01,26.83,33.72,80.07,102.0,955.0
Maga,2025-10-01,27.84,38.26,63.45,13.95,1265.0
Maga,2025-11-01,28.77,40.11,29.64,0.0,2176.0
Maga,2025-12-01,28.2,39.74,21.97,0.0,911.0
Makary,2017-01-01,25.86,40.24,20.17,0.0,576.0
Makary,2017-02-01,25.34,38.67,14.4,0.0,107.0
Makary,2017-03-01,30.02,42.72,14.04,0.0,144.0
Makary,2017-04-01,34.42,44.54,17.46,0.0,316.0
Makary,2017-05-01,35.15,45.07,32.6,9.61,231.0
Makary,2017-06-01,31.68,43.15,53.38,113.4,246.0
Makary,2017-07-01,29.03,38.42,65.56,115.63,460.0
Makary,2017-08-01,27.64,35.51,72.93,141.36,625.0
Makary,2017-09-01,28.41,38.13,68.4,95.4,589.0
Makary,2017-10-01,28.91,39.04,37.73,4.03,959.0
Makary,2017-11-01,27.22,39.34,21.39,0.0,1027.0
Makary,2017-12-01,25.47,37.75,23.04,0.0,
Makary,2018-01-01,21.37,33.61,19.28,0.0,1577.0
Makary,2018-02-01,28.7,41.25,17.37,0.0,497.0
Makary,2018-03-01,31.26,42.71,12.0,0.0,427.0
Makary,2018-04-01,34.01,45.12,16.28,0.6,188.0
Makary,2018-05-01,34.9,45.28,37.48,27.28,386.0
Makary,2018-06-01,32.67,43.89,47.66,90.0,419.0
Makary,2018-07-01,28.83,37.4,65.96,198.09,1003.0
Makary,2018-08-01,26.84,33.58,78.08,266.29,2595.0
Makary,2018-09-01,27.03,34.9,78.1,114.6,3880.0
Makary,2018-10-01,28.18,37.81,61.87,9.3,3322.0
Makary,2018-11-01,26.15,36.88,31.19,0.0,1006.0
Makary,2018-12-01,23.61,36.07,26.37,0.0,1942.0
Makary,2019-01-01,24.02,38.13,19.55,0.0,1640.0
Makary,2019-02-01,25.98,39.44,17.52,0.0,518.0
Makary,2019-03-01,31.44,44.4,15.42,0.0,631.0
Makary,2019-04-01,34.5,45.12,15.32,0.9,1054.0
Makary,2019-05-01,35.18,45.68,33.87,17.36,806.0
Makary,2019-06-01,31.83,43.68,53.81,103.2,673.0
Makary,2019-07-01,29.34,38.96,64.45,121.83,1144.0
Makary,2019-08-01,27.24,35.23,74.88,172.36,2485.0
Makary,2019-09-01,28.64,38.5,68.24,84.0,2887.0
Makary,2019-10-01,28.02,37.31,67.16,54.87,2577.0
Makary,2019-11-01,27.46,38.16,35.81,0.0,6195.0
Makary,2019-12-01,23.02,34.9,24.19,0.0,3455.0
Makary,2020-01-01,22.68,37.18,22.38,0.0,2695.0
Makary,2020-02-01,25.14,39.41,18.49,0.0,1789.0
Makary,2020-03-01,31.28,43.41,17.16,0.0,1224.0
Makary,2020-04-01,34.27,46.13,17.92,0.3,1244.0
Makary,2020-05-01,34.71,44.65,31.5,12.4,1009.0
Makary,2020-06-01,34.26,43.83,40.19,22.8,683.0
Makary,2020-07-01,29.44,40.48,63.16,142.6,855.0
Makary,2020-08-01,26.62,34.71,79.69,398.66,3702.0
Makary,2020-09-01,26.79,34.78,78.49,90.9,5680.0
Makary,2020-10-01,26.58,36.02,64.15,88.04,7365.0
Makary,2020-11-01,23.85,34.77,48.41,0.3,5344.0
Makary,2020-12-01,24.66,36.94,31.25,0.0,7838.0
Makary,2021-01-01,24.48,37.04,23.41,0.0,7481.0
Makary,2021-02-01,25.11,38.19,18.8,0.0,3875.0
Makary,2021-03-01,31.16,43.51,16.98,0.0,2807.0
Makary,2021-04-01,33.07,43.9,14.75,0.0,1436.0
Makary,2021-05-01,35.17,44.21,23.56,1.86,1476.0
Makary,2021-06-01,32.95,42.89,45.1,33.3,1210.0
Makary,2021-07-01,29.29,40.35,64.7,227.85,1000.0
Makary,2021-08-01,27.32,35.38,76.43,102.3,4508.0
Makary,2021-09-01,27.96,36.51,72.07,113.4,4546.0
Makary,2021-10-01,28.6,38.24,51.66,43.09,3587.0
Makary,2021-11-01,27.9,38.26,29.06,0.0,2128.0
Makary,2021-12-01,24.6,36.18,25.19,0.0,2377.0
Makary,2022-01-01,22.7,35.72,24.27,0.0,1974.0
Makary,2022-02-01,24.28,38.59,16.87,0.0,1803.0
Makary,2022-03-01,30.09,43.24,13.62,0.0,1359.0
Makary,2022-04-01,34.67,44.85,23.96,2.1,1013.0
Makary,2022-05-01,34.28,42.89,34.44,17.36,1119.0
Makary,2022-06-01,32.79,43.14,43.19,56.4,921.0
Makary,2022-07-01,28.92,39.98,66.52,200.26,1285.0
Makary,2022-08-01,26.36,34.08,79.5,267.22,2527.0
Makary,2022-09-01,26.69,34.7,79.9,150.6,3149.0
Makary,2022-10-01,26.51,34.22,62.9,4.34,2156.0
Makary,2022-11-01,24.23,35.36,38.4,0.0,1369.0
Makary,2022-12-01,23.1,36.88,29.24,0.0,1290.0
Makary,2023-01-01,24.3,39.62,24.44,0.0,894.0
Makary,2023-02-01,25.95,40.3,19.43,0.0,1029.0
Makary,2023-03-01,30.83,42.52,17.56,3.1,1038.0
Makary,2023-04-01,34.22,44.09,20.18,13.5,753.0
Makary,2023-05-01,35.43,44.57,30.2,17.98,968.0
Makary,2023-06-01,31.61,41.64,54.24,72.6,1007.0
Makary,2023-07-01,31.64,40.67,54.25,132.68,1144.0
Makary,2023-08-01,28.34,36.92,72.83,389.05,1423.0
Makary,2023-09-01,28.51,38.83,72.14,78.3,1104.0
Makary,2023-10-01,29.34,38.85,47.21,7.75,1067.0
Makary,2023-11-01,29.09,38.68,30.35,0.0,916.0
Makary,2023-12-01,24.61,37.85,25.78,0.0,785.0
Makary,2024-01-01,22.99,35.21,21.22,0.0,881.0
Makary,2024-02-01,26.5,42.95,19.64,0.0,834.0
Makary,2024-03-01,33.02,45.19,13.86,0.0,834.0
Makary,2024-04-01,35.51,46.53,13.47,0.0,884.0
Makary,2024-05-01,36.99,46.45,20.99,13.64,839.0
Makary,2024-06-01,33.69,42.07,46.65,92.4,610.0
Makary,2024-07-01,28.71,37.5,71.05,267.84,1081.0
Makary,2024-08-01,26.12,31.8,84.58,301.94,1335.0
Makary,2024-09-01,27.39,34.29,78.19,103.5,1437.0
Makary,2024-10-01,26.56,35.81,68.66,34.72,1171.0
Makary,2024-11-01,22.04,34.45,49.19,0.0,862.0
Makary,2024-12-01,21.68,35.45,36.62,0.0,1031.0
Makary,2025-01-01,23.63,37.51,28.04,0.0,1528.0
Makary,2025-02-01,27.14,40.36,20.5,0.0,1741.0
Makary,2025-03-01,31.28,43.83,15.66,0.0,2228.0
Makary,2025-04-01,33.97,45.41,15.73,0.0,1161.0
Makary,2025-05-01,35.51,45.43,21.75,9.92,808.0
Makary,2025-06-01,34.77,44.07,35.81,37.2,740.0
Makary,2025-07-01,29.2,39.09,65.34,416.64,1154.0
Makary,2025-08-01,26.86,34.38,77.99,269.08,1684.0
Makary,2025-09-01,27.52,35.53,76.07,110.1,2042.0
Makary,2025-10-01,26.85,36.29,58.81,17.36,1559.0
Makary,2025-11-01,25.7,37.2,37.34,0.0,872.0
Makary,2025-12-01,25.47,37.88,29.09,0.0,1325.0
Maroua 1,2017-01-01,27.2,40.06,16.76,0.0,867.0
Maroua 1,2017-02-01,26.98,39.02,11.25,0.0,935.0
Maroua 1,2017-03-01,30.84,42.28,11.33,0.0,739.0
Maroua 1,2017-04-01,33.66,43.41,29.91,15.6,1006.0
Maroua 1,2017-05-01,30.65,41.4,54.71,93.0,1083.0
Maroua 1,2017-06-01,28.18,38.9,67.55,99.9,1098.0
Maroua 1,2017-07-01,26.05,33.33,79.11,226.3,1393.0
Maroua 1,2017-08-01,25.06,30.6,84.68,285.51,9442.0
Maroua 1,2017-09-01,25.53,31.67,81.75,139.8,3468.0
Maroua 1,2017-10-01,26.79,36.18,62.25,23.87,3894.0
Maroua 1,2017-11-01,27.0,38.73,31.91,0.0,2612.0
Maroua 1,2017-12-01,26.43,37.76,20.49,0.0,1221.0
Maroua 1,2018-01-01,23.03,35.14,13.45,0.0,638.0
Maroua 1,2018-02-01,29.43,41.08,16.07,5.88,843.0
Maroua 1,2018-03-01,31.39,42.0,13.45,0.0,822.0
Maroua 1,2018-04-01,33.38,42.99,27.08,8.4,1072.0
Maroua 1,2018-05-01,29.94,41.98,60.6,95.48,1210.0
Maroua 1,2018-06-01,28.21,38.21,67.43,140.4,996.0
Maroua 1,2018-07-01,26.06,33.04,77.88,226.92,2151.0
Maroua 1,2018-08-01,24.83,30.72,85.14,329.84,3578.0
Maroua 1,2018-09-01,25.51,32.45,83.07,174.9,4967.0
Maroua 1,2018-10-01,26.82,35.63,73.13,20.46,5932.0
Maroua 1,2018-11-01,27.04,37.71,42.96,4.2,3565.0
Maroua 1,2018-12-01,25.49,37.55,21.44,0.0,2479.0
Maroua 1,2019-01-01,26.06,38.76,15.18,0.0,1857.0
Maroua 1,2019-02-01,27.91,41.09,14.49,0.28,1299.0
Maroua 1,2019-03-01,32.23,43.52,14.13,0.0,1622.0
Maroua 1,2019-04-01,34.23,44.07,20.68,1.5,1564.0
Maroua 1,2019-05-01,31.93,43.94,48.89,69.44,1371.0
Maroua 1,2019-06-01,28.48,38.96,68.38,251.1,1401.0
Maroua 1,2019-07-01,25.86,33.91,81.32,194.06,2042.0
Maroua 1,2019-08-01,24.71,29.85,85.25,200.88,2794.0
Maroua 1,2019-09-01,25.83,32.88,81.47,114.0,4820.0
Maroua 1,2019-10-01,25.69,33.59,79.32,91.45,5664.0
Maroua 1,2019-11-01,26.36,36.75,54.24,0.0,5328.0
Maroua 1,2019-12-01,24.33,36.63,21.58,0.0,3700.0
Maroua 1,2020-01-01,24.26,37.38,17.64,0.0,2535.0
Maroua 1,2020-02-01,27.09,40.78,14.85,0.0,1898.0
Maroua 1,2020-03-01,31.59,42.68,17.47,0.31,1487.0
Maroua 1,2020-04-01,33.46,43.02,30.48,10.8,1745.0
Maroua 1,2020-05-01,31.26,42.6,53.32,44.95,1456.0
Maroua 1,2020-06-01,30.46,40.63,55.72,50.1,1929.0
Maroua 1,2020-07-01,27.2,36.84,70.53,115.94,2340.0
Maroua 1,2020-08-01,25.45,33.51,79.63,182.28,4609.0
Maroua 1,2020-09-01,25.29,32.18,82.32,186.0,4151.0
Maroua 1,2020-10-01,26.3,35.54,67.73,43.09,4597.0
Maroua 1,2020-11-01,26.53,36.81,41.44,0.6,4168.0
Maroua 1,2020-12-01,26.78,37.98,23.2,0.0,3200.0
Maroua 1,2021-01-01,26.29,38.44,17.2,0.0,3597.0
Maroua 1,2021-02-01,26.83,39.09,13.66,0.0,2953.0
Maroua 1,2021-03-01,31.78,42.47,21.46,1.55,2374.0
Maroua 1,2021-04-01,33.11,43.4,23.17,4.2,1992.0
Maroua 1,2021-05-01,32.99,42.8,39.04,20.46,2021.0
Maroua 1,2021-06-01,29.62,40.76,58.83,83.1,2205.0
Maroua 1,2021-07-01,26.04,35.68,77.19,175.46,3227.0
Maroua 1,2021-08-01,25.46,32.65,80.74,143.22,5576.0
Maroua 1,2021-09-01,26.25,34.65,77.85,101.4,6016.0
Maroua 1,2021-10-01,28.13,37.85,65.43,42.47,5183.0
Maroua 1,2021-11-01,29.0,38.74,36.86,0.6,3923.0
Maroua 1,2021-12-01,26.56,37.82,21.27,0.0,2729.0
Maroua 1,2022-01-01,24.81,37.1,19.35,0.0,2102.0
Maroua 1,2022-02-01,26.02,39.2,12.62,0.0,2095.0
Maroua 1,2022-03-01,31.18,42.98,11.94,0.0,2288.0
Maroua 1,2022-04-01,32.76,43.96,36.07,15.9,1762.0
Maroua 1,2022-05-01,30.43,40.15,55.71,53.32,2022.0
Maroua 1,2022-06-01,29.04,39.45,60.8,93.6,1934.0
Maroua 1,2022-07-01,26.79,37.06,73.36,151.9,3127.0
Maroua 1,2022-08-01,24.8,31.44,84.34,230.64,4412.0
Maroua 1,2022-09-01,25.4,31.87,82.83,299.1,5940.0
Maroua 1,2022-10-01,25.9,34.85,72.02,11.47,5015.0
Maroua 1,2022-11-01,25.96,36.24,38.25,0.0,3147.0
Maroua 1,2022-12-01,24.77,37.95,23.37,0.0,2068.0
Maroua 1,2023-01-01,25.9,39.61,19.54,0.0,1951.0
Maroua 1,2023-02-01,27.64,40.97,14.73,0.0,2037.0
Maroua 1,2023-03-01,31.18,42.85,17.24,2.48,2321.0
Maroua 1,2023-04-01,34.12,43.17,25.84,2.7,1993.0
Maroua 1,2023-05-01,32.13,42.13,48.12,97.03,2296.0
Maroua 1,2023-06-01,28.42,37.26,67.0,115.2,2324.0
Maroua 1,2023-07-01,28.24,36.6,67.9,89.28,2971.0
Maroua 1,2023-08-01,26.37,34.04,78.8,174.53,3764.0
Maroua 1,2023-09-01,26.84,35.55,77.34,130.8,4829.0
Maroua 1,2023-10-01,29.27,38.81,59.41,24.49,5496.0
Maroua 1,2023-11-01,30.01,39.59,33.03,3.6,3748.0
Maroua 1,2023-12-01,26.16,38.38,20.06,0.0,2146.0
Maroua 1,2024-01-01,24.7,36.34,14.18,0.0,2137.0
Maroua 1,2024-02-01,28.07,43.04,16.25,0.0,4308.0
Maroua 1,2024-03-01,33.45,45.2,13.0,0.0,1907.0
Maroua 1,2024-04-01,35.34,44.93,21.83,5.1,2230.0
Maroua 1,2024-05-01,35.46,45.42,32.46,12.4,2115.0
Maroua 1,2024-06-01,29.87,41.31,62.73,130.8,2036.0
Maroua 1,2024-07-01,26.89,36.11,76.51,217.93,2549.0
Maroua 1,2024-08-01,24.9,30.69,85.89,275.59,3795.0
Maroua 1,2024-09-01,25.95,31.56,81.5,138.3,4209.0
Maroua 1,2024-10-01,26.11,34.11,74.84,66.34,4535.0
Maroua 1,2024-11-01,24.5,35.94,44.77,0.0,3094.0
Maroua 1,2024-12-01,24.57,37.06,27.23,0.0,2403.0
Maroua 1,2025-01-01,26.0,39.35,19.88,0.0,1834.0
Maroua 1,2025-02-01,28.89,41.25,15.41,0.0,1835.0
Maroua 1,2025-03-01,31.99,43.26,12.23,0.0,1803.0
Maroua 1,2025-04-01,33.76,44.66,20.49,12.0,2040.0
Maroua 1,2025-05-01,34.72,43.77,30.5,8.06,1987.0
Maroua 1,2025-06-01,30.71,41.43,54.9,117.9,1963.0
Maroua 1,2025-07-01,26.38,34.58,76.85,247.69,2320.0
Maroua 1,2025-08-01,25.27,31.31,82.4,244.9,3951.0
Maroua 1,2025-09-01,25.97,32.03,81.04,116.1,4202.0
Maroua 1,2025-10-01,26.76,36.23,67.24,23.56,3866.0
Maroua 1,2025-11-01,27.56,39.23,34.25,0.0,1860.0
Maroua 1,2025-12-01,27.63,38.68,21.35,0.0,1318.0
Maroua 2,2017-01-01,26.76,40.36,17.58,0.0,787.0
Maroua 2,2017-02-01,26.55,39.28,11.62,0.0,779.0
Maroua 2,2017-03-01,30.58,42.65,11.61,0.0,687.0
Maroua 2,2017-04-01,34.47,44.3,23.37,1.8,292.0
Maroua 2,2017-05-01,32.31,43.24,47.01,73.47,533.0
Maroua 2,2017-06-01,29.28,40.35,62.29,90.3,746.0
Maroua 2,2017-07-01,27.18,34.87,73.51,193.13,950.0
Maroua 2,2017-08-01,25.72,32.31,82.19,250.17,1145.0
Maroua 2,2017-09-01,26.28,34.0,78.56,113.1,2455.0
Maroua 2,2017-10-01,27.63,37.81,54.77,16.74,1859.0
Maroua 2,2017-11-01,27.31,39.56,26.09,0.0,1330.0
Maroua 2,2017-12-01,26.13,38.1,21.2,0.0,1155.0
Maroua 2,2018-01-01,22.44,35.23,14.59,0.0,799.0
Maroua 2,2018-02-01,29.29,41.97,15.98,3.36,626.0
Maroua 2,2018-03-01,31.34,42.42,12.25,0.0,999.0
Maroua 2,2018-04-01,33.84,44.44,23.12,5.1,771.0
Maroua 2,2018-05-01,31.93,43.06,51.06,54.87,1141.0
Maroua 2,2018-06-01,29.94,41.21,58.7,98.4,1019.0
Maroua 2,2018-07-01,27.19,35.24,72.27,230.02,1259.0
Maroua 2,2018-08-01,25.46,31.44,83.08,288.61,3346.0
Maroua 2,2018-09-01,25.92,32.54,82.17,162.9,4305.0
Maroua 2,2018-10-01,27.55,37.2,68.93,18.6,4091.0
Maroua 2,2018-11-01,27.3,38.35,36.44,1.5,1454.0
Maroua 2,2018-12-01,24.88,37.3,23.18,0.0,1202.0
Maroua 2,2019-01-01,25.43,38.85,16.32,0.0,899.0
Maroua 2,2019-02-01,27.45,40.77,14.73,0.28,1030.0
Maroua 2,2019-03-01,32.03,43.91,13.81,0.0,1009.0
Maroua 2,2019-04-01,34.44,44.5,18.18,0.6,1225.0
Maroua 2,2019-05-01,33.35,44.89,43.03,46.81,1363.0
Maroua 2,2019-06-01,29.55,39.84,63.46,205.8,1430.0
Maroua 2,2019-07-01,26.8,35.26,76.44,153.45,1580.0
Maroua 2,2019-08-01,25.41,31.33,82.54,184.45,1962.0
Maroua 2,2019-09-01,26.77,34.83,76.88,87.3,4946.0
Maroua 2,2019-10-01,26.81,35.92,73.34,69.44,4942.0
Maroua 2,2019-11-01,27.49,38.5,45.28,0.0,5264.0
Maroua 2,2019-12-01,24.03,36.52,21.33,0.0,3414.0
Maroua 2,2020-01-01,23.92,37.66,18.22,0.0,2098.0
Maroua 2,2020-02-01,26.67,40.97,15.21,0.0,1426.0
Maroua 2,2020-03-01,31.61,43.24,16.7,0.0,1501.0
Maroua 2,2020-04-01,34.09,44.6,26.43,8.7,1246.0
Maroua 2,2020-05-01,32.73,43.65,45.37,24.18,1150.0
Maroua 2,2020-06-01,32.19,42.34,48.26,37.5,973.0
Maroua 2,2020-07-01,28.27,38.55,65.62,104.78,1283.0
Maroua 2,2020-08-01,26.33,34.85,75.81,148.18,3026.0
Maroua 2,2020-09-01,26.13,34.25,78.46,145.5,3920.0
Maroua 2,2020-10-01,27.13,37.08,62.2,35.65,5394.0
Maroua 2,2020-11-01,26.96,37.56,37.29,0.0,3521.0
Maroua 2,2020-12-01,26.57,38.29,24.03,0.0,2561.0
Maroua 2,2021-01-01,25.98,38.72,17.94,0.0,2995.0
Maroua 2,2021-02-01,26.44,39.23,14.2,0.0,1849.0
Maroua 2,2021-03-01,31.89,42.97,19.14,0.62,1725.0
Maroua 2,2021-04-01,33.36,44.22,20.2,0.9,1436.0
Maroua 2,2021-05-01,34.05,43.53,32.07,11.47,971.0
Maroua 2,2021-06-01,31.0,41.17,52.25,54.3,1144.0
Maroua 2,2021-07-01,27.55,37.9,69.73,154.07,1502.0
Maroua 2,2021-08-01,26.62,34.48,75.48,101.99,3199.0
Maroua 2,2021-09-01,27.55,37.22,71.07,69.3,4974.0
Maroua 2,2021-10-01,29.61,39.32,56.31,32.55,4691.0
Maroua 2,2021-11-01,29.43,39.63,30.03,0.3,2654.0
Maroua 2,2021-12-01,26.28,37.92,21.42,0.0,1794.0
Maroua 2,2022-01-01,24.36,37.25,19.96,0.0,1415.0
Maroua 2,2022-02-01,25.56,39.43,13.13,0.0,1262.0
Maroua 2,2022-03-01,31.01,43.23,11.61,0.0,1466.0
Maroua 2,2022-04-01,33.72,44.5,31.09,9.6,1432.0
Maroua 2,2022-05-01,32.28,41.43,46.53,25.42,1713.0
Maroua 2,2022-06-01,30.54,41.47,53.16,60.9,1168.0
Maroua 2,2022-07-01,28.07,39.32,67.46,148.18,2214.0
Maroua 2,2022-08-01,25.44,33.76,81.78,219.48,3424.0
Maroua 2,2022-09-01,25.83,32.66,81.95,212.1,4457.0
Maroua 2,2022-10-01,26.74,35.74,66.48,5.89,4457.0
Maroua 2,2022-11-01,26.13,37.26,34.39,0.0,2855.0
Maroua 2,2022-12-01,24.32,38.3,24.8,0.0,2142.0
Maroua 2,2023-01-01,25.48,39.91,20.41,0.0,1317.0
Maroua 2,2023-02-01,27.25,41.22,15.35,0.0,1220.0
Maroua 2,2023-03-01,31.17,43.44,16.61,2.79,1395.0
Maroua 2,2023-04-01,34.46,43.77,23.09,3.9,1193.0
Maroua 2,2023-05-01,33.49,43.4,41.01,48.36,1196.0
Maroua 2,2023-06-01,29.6,39.53,61.14,97.8,1254.0
Maroua 2,2023-07-01,29.39,38.38,62.42,100.13,2074.0
Maroua 2,2023-08-01,27.44,35.96,73.78,141.05,2722.0
Maroua 2,2023-09-01,27.94,37.67,71.95,116.4,3629.0
Maroua 2,2023-10-01,30.41,40.22,51.13,14.88,4130.0
Maroua 2,2023-11-01,30.23,40.03,29.86,2.4,2264.0
Maroua 2,2023-12-01,25.81,38.76,20.93,0.0,1202.0
Maroua 2,2024-01-01,24.21,36.62,15.45,0.0,1527.0
Maroua 2,2024-02-01,27.65,43.43,16.68,0.0,1374.0
Maroua 2,2024-03-01,33.45,45.77,12.49,0.0,1288.0
Maroua 2,2024-04-01,35.57,45.71,18.47,3.9,1314.0
Maroua 2,2024-05-01,36.38,46.06,28.1,7.75,1320.0
Maroua 2,2024-06-01,31.06,42.42,56.99,114.3,947.0
Maroua 2,2024-07-01,27.55,37.39,73.62,210.49,1214.0
Maroua 2,2024-08-01,25.33,31.25,85.09,280.24,2115.0
Maroua 2,2024-09-01,26.35,32.45,80.72,109.2,2514.0
Maroua 2,2024-10-01,26.63,35.34,71.63,60.14,2790.0
Maroua 2,2024-11-01,24.64,36.97,42.02,0.0,2203.0
Maroua 2,2024-12-01,23.95,36.95,29.44,0.0,1656.0
Maroua 2,2025-01-01,25.45,39.13,21.53,0.0,1048.0
Maroua 2,2025-02-01,28.48,41.5,16.24,0.0,925.0
Maroua 2,2025-03-01,31.89,43.56,12.41,0.0,769.0
Maroua 2,2025-04-01,34.05,44.97,18.04,6.3,895.0
Maroua 2,2025-05-01,35.39,44.58,25.96,4.03,848.0
Maroua 2,2025-06-01,32.34,42.69,47.48,67.8,783.0
Maroua 2,2025-07-01,27.6,37.36,70.83,231.88,1199.0
Maroua 2,2025-08-01,26.08,33.06,78.47,208.63,1741.0
Maroua 2,2025-09-01,26.55,33.33,79.15,107.7,1915.0
Maroua 2,2025-10-01,27.52,37.51,61.38,14.26,2556.0
Maroua 2,2025-11-01,27.85,39.48,30.4,0.0,1060.0
Maroua 2,2025-12-01,27.19,38.91,22.62,0.0,663.0
Maroua 3,2017-01-01,27.2,40.06,16.76,0.0,754.0
Maroua 3,2017-02-01,26.98,39.02,11.25,0.0,704.0
Maroua 3,2017-03-01,30.84,42.28,11.33,0.0,657.0
Maroua 3,2017-04-01,33.66,43.41,29.91,15.6,532.0
Maroua 3,2017-05-01,30.65,41.4,54.71,93.0,451.0
Maroua 3,2017-06-01,28.18,38.9,67.55,99.9,836.0
Maroua 3,2017-07-01,26.05,33.33,79.11,226.3,976.0
Maroua 3,2017-08-01,25.06,30.6,84.68,285.51,1289.0
Maroua 3,2017-09-01,25.53,31.67,81.75,139.8,2248.0
Maroua 3,2017-10-01,26.79,36.18,62.25,23.87,3345.0
Maroua 3,2017-11-01,27.0,38.73,31.91,0.0,1914.0
Maroua 3,2017-12-01,26.43,37.76,20.49,0.0,1289.0
Maroua 3,2018-01-01,23.03,35.14,13.45,0.0,426.0
Maroua 3,2018-02-01,29.43,41.08,16.07,5.88,742.0
Maroua 3,2018-03-01,31.39,42.0,13.45,0.0,659.0
Maroua 3,2018-04-01,33.38,42.99,27.08,8.4,618.0
Maroua 3,2018-05-01,29.94,41.98,60.6,95.48,550.0
Maroua 3,2018-06-01,28.21,38.21,67.43,140.4,554.0
Maroua 3,2018-07-01,26.06,33.04,77.88,226.92,1670.0
Maroua 3,2018-08-01,24.83,30.72,85.14,329.84,2344.0
Maroua 3,2018-09-01,25.51,32.45,83.07,174.9,3845.0
Maroua 3,2018-10-01,26.82,35.63,73.13,20.46,4545.0
Maroua 3,2018-11-01,27.04,37.71,42.96,4.2,3456.0
Maroua 3,2018-12-01,25.49,37.55,21.44,0.0,1912.0
Maroua 3,2019-01-01,26.06,38.76,15.18,0.0,701.0
Maroua 3,2019-02-01,27.91,41.09,14.49,0.28,770.0
Maroua 3,2019-03-01,32.23,43.52,14.13,0.0,555.0
Maroua 3,2019-04-01,34.23,44.07,20.68,1.5,817.0
Maroua 3,2019-05-01,31.93,43.94,48.89,69.44,548.0
Maroua 3,2019-06-01,28.48,38.96,68.38,251.1,571.0
Maroua 3,2019-07-01,25.86,33.91,81.32,194.06,1184.0
Maroua 3,2019-08-01,24.71,29.85,85.25,200.88,1686.0
Maroua 3,2019-09-01,25.83,32.88,81.47,114.0,2213.0
Maroua 3,2019-10-01,25.69,33.59,79.32,91.45,2697.0
Maroua 3,2019-11-01,26.36,36.75,54.24,0.0,2996.0
Maroua 3,2019-12-01,24.33,36.63,21.58,0.0,2713.0
Maroua 3,2020-01-01,24.26,37.38,17.64,0.0,1337.0
Maroua 3,2020-02-01,27.09,40.78,14.85,0.0,961.0
Maroua 3,2020-03-01,31.59,42.68,17.47,0.31,948.0
Maroua 3,2020-04-01,33.46,43.02,30.48,10.8,855.0
Maroua 3,2020-05-01,31.26,42.6,53.32,44.95,630.0
Maroua 3,2020-06-01,30.46,40.63,55.72,50.1,596.0
Maroua 3,2020-07-01,27.2,36.84,70.53,115.94,1336.0
Maroua 3,2020-08-01,25.45,33.51,79.63,182.28,3142.0
Maroua 3,2020-09-01,25.29,32.18,82.32,186.0,3395.0
Maroua 3,2020-10-01,26.3,35.54,67.73,43.09,5716.0
Maroua 3,2020-11-01,26.53,36.81,41.44,0.6,4752.0
Maroua 3,2020-12-01,26.78,37.98,23.2,0.0,3966.0
Maroua 3,2021-01-01,26.29,38.44,17.2,0.0,3018.0
Maroua 3,2021-02-01,26.83,39.09,13.66,0.0,1717.0
Maroua 3,2021-03-01,31.78,42.47,21.46,1.55,1971.0
Maroua 3,2021-04-01,33.11,43.4,23.17,4.2,1288.0
Maroua 3,2021-05-01,32.99,42.8,39.04,20.46,1125.0
Maroua 3,2021-06-01,29.62,40.76,58.83,83.1,1142.0
Maroua 3,2021-07-01,26.04,35.68,77.19,175.46,1841.0
Maroua 3,2021-08-01,25.46,32.65,80.74,143.22,3770.0
Maroua 3,2021-09-01,26.25,34.65,77.85,101.4,4844.0
Maroua 3,2021-10-01,28.13,37.85,65.43,42.47,5232.0
Maroua 3,2021-11-01,29.0,38.74,36.86,0.6,3329.0
Maroua 3,2021-12-01,26.56,37.82,21.27,0.0,1641.0
Maroua 3,2022-01-01,24.81,37.1,19.35,0.0,1835.0
Maroua 3,2022-02-01,26.02,39.2,12.62,0.0,1348.0
Maroua 3,2022-03-01,31.18,42.98,11.94,0.0,1448.0
Maroua 3,2022-04-01,32.76,43.96,36.07,15.9,1088.0
Maroua 3,2022-05-01,30.43,40.15,55.71,53.32,1274.0
Maroua 3,2022-06-01,29.04,39.45,60.8,93.6,840.0
Maroua 3,2022-07-01,26.79,37.06,73.36,151.9,2155.0
Maroua 3,2022-08-01,24.8,31.44,84.34,230.64,3400.0
Maroua 3,2022-09-01,25.4,31.87,82.83,299.1,4496.0
Maroua 3,2022-10-01,25.9,34.85,72.02,11.47,5453.0
Maroua 3,2022-11-01,25.96,36.24,38.25,0.0,3459.0
Maroua 3,2022-12-01,24.77,37.95,23.37,0.0,1812.0
Maroua 3,2023-01-01,25.9,39.61,19.54,0.0,1438.0
Maroua 3,2023-02-01,27.64,40.97,14.73,0.0,1143.0
Maroua 3,2023-03-01,31.18,42.85,17.24,2.48,1079.0
Maroua 3,2023-04-01,34.12,43.17,25.84,2.7,905.0
Maroua 3,2023-05-01,32.13,42.13,48.12,97.03,985.0
Maroua 3,2023-06-01,28.42,37.26,67.0,115.2,880.0
Maroua 3,2023-07-01,28.24,36.6,67.9,89.28,1658.0
Maroua 3,2023-08-01,26.37,34.04,78.8,174.53,2100.0
Maroua 3,2023-09-01,26.84,35.55,77.34,130.8,3307.0
Maroua 3,2023-10-01,29.27,38.81,59.41,24.49,4176.0
Maroua 3,2023-11-01,30.01,39.59,33.03,3.6,3285.0
Maroua 3,2023-12-01,26.16,38.38,20.06,0.0,1722.0
Maroua 3,2024-01-01,24.7,36.34,14.18,0.0,1653.0
Maroua 3,2024-02-01,28.07,43.04,16.25,0.0,1483.0
Maroua 3,2024-03-01,33.45,45.2,13.0,0.0,1249.0
Maroua 3,2024-04-01,35.34,44.93,21.83,5.1,1486.0
Maroua 3,2024-05-01,35.46,45.42,32.46,12.4,1205.0
Maroua 3,2024-06-01,29.87,41.31,62.73,130.8,1324.0
Maroua 3,2024-07-01,26.89,36.11,76.51,217.93,1944.0
Maroua 3,2024-08-01,24.9,30.69,85.89,275.59,3047.0
Maroua 3,2024-09-01,25.95,31.56,81.5,138.3,3452.0
Maroua 3,2024-10-01,26.11,34.11,74.84,66.34,4640.0
Maroua 3,2024-11-01,24.5,35.94,44.77,0.0,3454.0
Maroua 3,2024-12-01,24.57,37.06,27.23,0.0,2234.0
Maroua 3,2025-01-01,26.0,39.35,19.88,0.0,1893.0
Maroua 3,2025-02-01,28.89,41.25,15.41,0.0,1200.0
Maroua 3,2025-03-01,31.99,43.26,12.23,0.0,1114.0
Maroua 3,2025-04-01,33.76,44.66,20.49,12.0,1152.0
Maroua 3,2025-05-01,34.72,43.77,30.5,8.06,1392.0
Maroua 3,2025-06-01,30.71,41.43,54.9,117.9,1154.0
Maroua 3,2025-07-01,26.38,34.58,76.85,247.69,2101.0
Maroua 3,2025-08-01,25.27,31.31,82.4,244.9,2518.0
Maroua 3,2025-09-01,25.97,32.03,81.04,116.1,3037.0
Maroua 3,2025-10-01,26.76,36.23,67.24,23.56,3762.0
Maroua 3,2025-11-01,27.56,39.23,34.25,0.0,1948.0
Maroua 3,2025-12-01,27.63,38.68,21.35,0.0,1507.0
Meri,2017-01-01,27.2,40.06,16.76,0.0,123.0
Meri,2017-02-01,26.98,39.02,11.25,0.0,144.0
Meri,2017-03-01,30.84,42.28,11.33,0.0,133.0
Meri,2017-04-01,33.66,43.41,29.91,15.6,152.0
Meri,2017-05-01,30.65,41.4,54.71,93.0,245.0
Meri,2017-06-01,28.18,38.9,67.55,99.9,188.0
Meri,2017-07-01,26.05,33.33,79.11,226.3,281.0
Meri,2017-08-01,25.06,30.6,84.68,285.51,750.0
Meri,2017-09-01,25.53,31.67,81.75,139.8,1453.0
Meri,2017-10-01,26.79,36.18,62.25,23.87,1239.0
Meri,2017-11-01,27.0,38.73,31.91,0.0,646.0
Meri,2017-12-01,26.43,37.76,20.49,0.0,267.0
Meri,2018-01-01,23.03,35.14,13.45,0.0,188.0
Meri,2018-02-01,29.43,41.08,16.07,5.88,119.0
Meri,2018-03-01,31.39,42.0,13.45,0.0,151.0
Meri,2018-04-01,33.38,42.99,27.08,8.4,150.0
Meri,2018-05-01,29.94,41.98,60.6,95.48,82.0
Meri,2018-06-01,28.21,38.21,67.43,140.4,134.0
Meri,2018-07-01,26.06,33.04,77.88,226.92,397.0
Meri,2018-08-01,24.83,30.72,85.14,329.84,660.0
Meri,2018-09-01,25.51,32.45,83.07,174.9,1454.0
Meri,2018-10-01,26.82,35.63,73.13,20.46,1135.0
Meri,2018-11-01,27.04,37.71,42.96,4.2,872.0
Meri,2018-12-01,25.49,37.55,21.44,0.0,461.0
Meri,2019-01-01,26.06,38.76,15.18,0.0,404.0
Meri,2019-02-01,27.91,41.09,14.49,0.28,318.0
Meri,2019-03-01,32.23,43.52,14.13,0.0,259.0
Meri,2019-04-01,34.23,44.07,20.68,1.5,186.0
Meri,2019-05-01,31.93,43.94,48.89,69.44,185.0
Meri,2019-06-01,28.48,38.96,68.38,251.1,273.0
Meri,2019-07-01,25.86,33.91,81.32,194.06,514.0
Meri,2019-08-01,24.71,29.85,85.25,200.88,1926.0
Meri,2019-09-01,25.83,32.88,81.47,114.0,2087.0
Meri,2019-10-01,25.69,33.59,79.32,91.45,2122.0
Meri,2019-11-01,26.36,36.75,54.24,0.0,1812.0
Meri,2019-12-01,24.33,36.63,21.58,0.0,1445.0
Meri,2020-01-01,24.26,37.38,17.64,0.0,1274.0
Meri,2020-02-01,27.09,40.78,14.85,0.0,771.0
Meri,2020-03-01,31.59,42.68,17.47,0.31,861.0
Meri,2020-04-01,33.46,43.02,30.48,10.8,713.0
Meri,2020-05-01,31.26,42.6,53.32,44.95,937.0
Meri,2020-06-01,30.46,40.63,55.72,50.1,827.0
Meri,2020-07-01,27.2,36.84,70.53,115.94,1527.0
Meri,2020-08-01,25.45,33.51,79.63,182.28,2840.0
Meri,2020-09-01,25.29,32.18,82.32,186.0,3805.0
Meri,2020-10-01,26.3,35.54,67.73,43.09,4028.0
Meri,2020-11-01,26.53,36.81,41.44,0.6,2851.0
Meri,2020-12-01,26.78,37.98,23.2,0.0,2018.0
Meri,2021-01-01,26.29,38.44,17.2,0.0,1633.0
Meri,2021-02-01,26.83,39.09,13.66,0.0,1517.0
Meri,2021-03-01,31.78,42.47,21.46,1.55,1068.0
Meri,2021-04-01,33.11,43.4,23.17,4.2,929.0
Meri,2021-05-01,32.99,42.8,39.04,20.46,1011.0
Meri,2021-06-01,29.62,40.76,58.83,83.1,813.0
Meri,2021-07-01,26.04,35.68,77.19,175.46,1495.0
Meri,2021-08-01,25.46,32.65,80.74,143.22,3311.0
Meri,2021-09-01,26.25,34.65,77.85,101.4,4045.0
Meri,2021-10-01,28.13,37.85,65.43,42.47,3220.0
Meri,2021-11-01,29.0,38.74,36.86,0.6,2229.0
Meri,2021-12-01,26.56,37.82,21.27,0.0,1059.0
Meri,2022-01-01,24.81,37.1,19.35,0.0,1018.0
Meri,2022-02-01,26.02,39.2,12.62,0.0,883.0
Meri,2022-03-01,31.18,42.98,11.94,0.0,709.0
Meri,2022-04-01,32.76,43.96,36.07,15.9,589.0
Meri,2022-05-01,30.43,40.15,55.71,53.32,620.0
Meri,2022-06-01,29.04,39.45,60.8,93.6,706.0
Meri,2022-07-01,26.79,37.06,73.36,151.9,2506.0
Meri,2022-08-01,24.8,31.44,84.34,230.64,3668.0
Meri,2022-09-01,25.4,31.87,82.83,299.1,3791.0
Meri,2022-10-01,25.9,34.85,72.02,11.47,2980.0
Meri,2022-11-01,25.96,36.24,38.25,0.0,2201.0
Meri,2022-12-01,24.77,37.95,23.37,0.0,1376.0
Meri,2023-01-01,25.9,39.61,19.54,0.0,853.0
Meri,2023-02-01,27.64,40.97,14.73,0.0,591.0
Meri,2023-03-01,31.18,42.85,17.24,2.48,698.0
Meri,2023-04-01,34.12,43.17,25.84,2.7,630.0
Meri,2023-05-01,32.13,42.13,48.12,97.03,542.0
Meri,2023-06-01,28.42,37.26,67.0,115.2,891.0
Meri,2023-07-01,28.24,36.6,67.9,89.28,1136.0
Meri,2023-08-01,26.37,34.04,78.8,174.53,2389.0
Meri,2023-09-01,26.84,35.55,77.34,130.8,3246.0
Meri,2023-10-01,29.27,38.81,59.41,24.49,3125.0
Meri,2023-11-01,30.01,39.59,33.03,3.6,2678.0
Meri,2023-12-01,26.16,38.38,20.06,0.0,1642.0
Meri,2024-01-01,24.7,36.34,14.18,0.0,1198.0
Meri,2024-02-01,28.07,43.04,16.25,0.0,866.0
Meri,2024-03-01,33.45,45.2,13.0,0.0,944.0
Meri,2024-04-01,35.34,44.93,21.83,5.1,905.0
Meri,2024-05-01,35.46,45.42,32.46,12.4,921.0
Meri,2024-06-01,29.87,41.31,62.73,130.8,1200.0
Meri,2024-07-01,26.89,36.11,76.51,217.93,1502.0
Meri,2024-08-01,24.9,30.69,85.89,275.59,3080.0
Meri,2024-09-01,25.95,31.56,81.5,138.3,3637.0
Meri,2024-10-01,26.11,34.11,74.84,66.34,3199.0
Meri,2024-11-01,24.5,35.94,44.77,0.0,2544.0
Meri,2024-12-01,24.57,37.06,27.23,0.0,1839.0
Meri,2025-01-01,26.0,39.35,19.88,0.0,1426.0
Meri,2025-02-01,28.89,41.25,15.41,0.0,1062.0
Meri,2025-03-01,31.99,43.26,12.23,0.0,1124.0
Meri,2025-04-01,33.76,44.66,20.49,12.0,898.0
Meri,2025-05-01,34.72,43.77,30.5,8.06,901.0
Meri,2025-06-01,30.71,41.43,54.9,117.9,1092.0
Meri,2025-07-01,26.38,34.58,76.85,247.69,1403.0
Meri,2025-08-01,25.27,31.31,82.4,244.9,2602.0
Meri,2025-09-01,25.97,32.03,81.04,116.1,3028.0
Meri,2025-10-01,26.76,36.23,67.24,23.56,2971.0
Meri,2025-11-01,27.56,39.23,34.25,0.0,2116.0
Meri,2025-12-01,27.63,38.68,21.35,0.0,1561.0
Mindif,2017-01-01,27.2,40.06,16.76,0.0,227.0
Mindif,2017-02-01,26.98,39.02,11.25,0.0,
Mindif,2017-03-01,30.84,42.28,11.33,0.0,176.0
Mindif,2017-04-01,33.66,43.41,29.91,15.6,120.0
Mindif,2017-05-01,30.65,41.4,54.71,93.0,113.0
Mindif,2017-06-01,28.18,38.9,67.55,99.9,70.0
Mindif,2017-07-01,26.05,33.33,79.11,226.3,605.0
Mindif,2017-08-01,25.06,30.6,84.68,285.51,689.0
Mindif,2017-09-01,25.53,31.67,81.75,139.8,1202.0
Mindif,2017-10-01,26.79,36.18,62.25,23.87,895.0
Mindif,2017-11-01,27.0,38.73,31.91,0.0,463.0
Mindif,2017-12-01,26.43,37.76,20.49,0.0,187.0
Mindif,2018-01-01,23.03,35.14,13.45,0.0,128.0
Mindif,2018-02-01,29.43,41.08,16.07,5.88,156.0
Mindif,2018-03-01,31.39,42.0,13.45,0.0,106.0
Mindif,2018-04-01,33.38,42.99,27.08,8.4,70.0
Mindif,2018-05-01,29.94,41.98,60.6,95.48,45.0
Mindif,2018-06-01,28.21,38.21,67.43,140.4,49.0
Mindif,2018-07-01,26.06,33.04,77.88,226.92,761.0
Mindif,2018-08-01,24.83,30.72,85.14,329.84,912.0
Mindif,2018-09-01,25.51,32.45,83.07,174.9,1912.0
Mindif,2018-10-01,26.82,35.63,73.13,20.46,2176.0
Mindif,2018-11-01,27.04,37.71,42.96,4.2,1012.0
Mindif,2018-12-01,25.49,37.55,21.44,0.0,578.0
Mindif,2019-01-01,26.06,38.76,15.18,0.0,167.0
Mindif,2019-02-01,27.91,41.09,14.49,0.28,183.0
Mindif,2019-03-01,32.23,43.52,14.13,0.0,157.0
Mindif,2019-04-01,34.23,44.07,20.68,1.5,131.0
Mindif,2019-05-01,31.93,43.94,48.89,69.44,116.0
Mindif,2019-06-01,28.48,38.96,68.38,251.1,525.0
Mindif,2019-07-01,25.86,33.91,81.32,194.06,994.0
Mindif,2019-08-01,24.71,29.85,85.25,200.88,1336.0
Mindif,2019-09-01,25.83,32.88,81.47,114.0,1539.0
Mindif,2019-10-01,25.69,33.59,79.32,91.45,1834.0
Mindif,2019-11-01,26.36,36.75,54.24,0.0,1743.0
Mindif,2019-12-01,24.33,36.63,21.58,0.0,1673.0
Mindif,2020-01-01,24.26,37.38,17.64,0.0,954.0
Mindif,2020-02-01,27.09,40.78,14.85,0.0,521.0
Mindif,2020-03-01,31.59,42.68,17.47,0.31,423.0
Mindif,2020-04-01,33.46,43.02,30.48,10.8,250.0
Mindif,2020-05-01,31.26,42.6,53.32,44.95,226.0
Mindif,2020-06-01,30.46,40.63,55.72,50.1,205.0
Mindif,2020-07-01,27.2,36.84,70.53,115.94,1047.0
Mindif,2020-08-01,25.45,33.51,79.63,182.28,2732.0
Mindif,2020-09-01,25.29,32.18,82.32,186.0,2236.0
Mindif,2020-10-01,26.3,35.54,67.73,43.09,2859.0
Mindif,2020-11-01,26.53,36.81,41.44,0.6,2278.0
Mindif,2020-12-01,26.78,37.98,23.2,0.0,1692.0
Mindif,2021-01-01,26.29,38.44,17.2,0.0,1120.0
Mindif,2021-02-01,26.83,39.09,13.66,0.0,675.0
Mindif,2021-03-01,31.78,42.47,21.46,1.55,403.0
Mindif,2021-04-01,33.11,43.4,23.17,4.2,349.0
Mindif,2021-05-01,32.99,42.8,39.04,20.46,274.0
Mindif,2021-06-01,29.62,40.76,58.83,83.1,209.0
Mindif,2021-07-01,26.04,35.68,77.19,175.46,996.0
Mindif,2021-08-01,25.46,32.65,80.74,143.22,2684.0
Mindif,2021-09-01,26.25,34.65,77.85,101.4,2019.0
Mindif,2021-10-01,28.13,37.85,65.43,42.47,1645.0
Mindif,2021-11-01,29.0,38.74,36.86,0.6,1618.0
Mindif,2021-12-01,26.56,37.82,21.27,0.0,362.0
Mindif,2022-01-01,24.81,37.1,19.35,0.0,473.0
Mindif,2022-02-01,26.02,39.2,12.62,0.0,347.0
Mindif,2022-03-01,31.18,42.98,11.94,0.0,397.0
Mindif,2022-04-01,32.76,43.96,36.07,15.9,289.0
Mindif,2022-05-01,30.43,40.15,55.71,53.32,278.0
Mindif,2022-06-01,29.04,39.45,60.8,93.6,313.0
Mindif,2022-07-01,26.79,37.06,73.36,151.9,2221.0
Mindif,2022-08-01,24.8,31.44,84.34,230.64,1819.0
Mindif,2022-09-01,25.4,31.87,82.83,299.1,1698.0
Mindif,2022-10-01,25.9,34.85,72.02,11.47,1560.0
Mindif,2022-11-01,25.96,36.24,38.25,0.0,1082.0
Mindif,2022-12-01,24.77,37.95,23.37,0.0,743.0
Mindif,2023-01-01,25.9,39.61,19.54,0.0,525.0
Mindif,2023-02-01,27.64,40.97,14.73,0.0,401.0
Mindif,2023-03-01,31.18,42.85,17.24,2.48,294.0
Mindif,2023-04-01,34.12,43.17,25.84,2.7,208.0
Mindif,2023-05-01,32.13,42.13,48.12,97.03,198.0
Mindif,2023-06-01,28.42,37.26,67.0,115.2,180.0
Mindif,2023-07-01,28.24,36.6,67.9,89.28,874.0
Mindif,2023-08-01,26.37,34.04,78.8,174.53,1314.0
Mindif,2023-09-01,26.84,35.55,77.34,130.8,1354.0
Mindif,2023-10-01,29.27,38.81,59.41,24.49,2346.0
Mindif,2023-11-01,30.01,39.59,33.03,3.6,1235.0
Mindif,2023-12-01,26.16,38.38,20.06,0.0,1046.0
Mindif,2024-01-01,24.7,36.34,14.18,0.0,405.0
Mindif,2024-02-01,28.07,43.04,16.25,0.0,393.0
Mindif,2024-03-01,33.45,45.2,13.0,0.0,401.0
Mindif,2024-04-01,35.34,44.93,21.83,5.1,286.0
Mindif,2024-05-01,35.46,45.42,32.46,12.4,229.0
Mindif,2024-06-01,29.87,41.31,62.73,130.8,316.0
Mindif,2024-07-01,26.89,36.11,76.51,217.93,702.0
Mindif,2024-08-01,24.9,30.69,85.89,275.59,1867.0
Mindif,2024-09-01,25.95,31.56,81.5,138.3,1835.0
Mindif,2024-10-01,26.11,34.11,74.84,66.34,2128.0
Mindif,2024-11-01,24.5,35.94,44.77,0.0,1225.0
Mindif,2024-12-01,24.57,37.06,27.23,0.0,946.0
Mindif,2025-01-01,26.0,39.35,19.88,0.0,535.0
Mindif,2025-02-01,28.89,41.25,15.41,0.0,383.0
Mindif,2025-03-01,31.99,43.26,12.23,0.0,319.0
Mindif,2025-04-01,33.76,44.66,20.49,12.0,218.0
Mindif,2025-05-01,34.72,43.77,30.5,8.06,174.0
Mindif,2025-06-01,30.71,41.43,54.9,117.9,204.0
Mindif,2025-07-01,26.38,34.58,76.85,247.69,741.0
Mindif,2025-08-01,25.27,31.31,82.4,244.9,1484.0
Mindif,2025-09-01,25.97,32.03,81.04,116.1,1182.0
Mindif,2025-10-01,26.76,36.23,67.24,23.56,1474.0
Mindif,2025-11-01,27.56,39.23,34.25,0.0,707.0
Mindif,2025-12-01,27.63,38.68,21.35,0.0,435.0
Mogode,2017-01-01,25.78,38.72,19.25,0.0,79.0
Mogode,2017-02-01,25.66,37.63,12.21,0.28,4.0
Mogode,2017-03-01,29.62,41.15,11.78,0.0,5.0
Mogode,2017-04-01,32.06,41.8,30.98,12.9,81.0
Mogode,2017-05-01,28.38,40.45,62.63,157.17,2.0
Mogode,2017-06-01,26.62,37.01,71.3,106.5,45.0
Mogode,2017-07-01,24.54,30.4,83.0,253.27,269.0
Mogode,2017-08-01,23.82,29.15,86.26,224.75,643.0
Mogode,2017-09-01,24.4,30.97,82.83,147.0,1465.0
Mogode,2017-10-01,25.63,34.57,61.48,22.94,2278.0
Mogode,2017-11-01,25.35,36.82,33.78,0.0,1458.0
Mogode,2017-12-01,24.91,36.04,23.77,0.0,578.0
Mogode,2018-01-01,21.94,34.06,14.38,0.0,432.0
Mogode,2018-02-01,28.3,39.88,17.2,5.32,399.0
Mogode,2018-03-01,30.21,40.69,13.54,0.31,333.0
Mogode,2018-04-01,31.77,40.96,29.26,4.8,293.0
Mogode,2018-05-01,28.42,39.98,63.69,117.49,246.0
Mogode,2018-06-01,26.76,36.14,70.55,138.9,534.0
Mogode,2018-07-01,24.82,31.79,79.86,242.11,1084.0
Mogode,2018-08-01,23.59,29.42,86.9,310.31,1914.0
Mogode,2018-09-01,24.37,31.35,83.9,219.9,1201.0
Mogode,2018-10-01,25.56,32.54,74.56,41.85,3352.0
Mogode,2018-11-01,25.37,35.46,44.23,2.1,800.0
Mogode,2018-12-01,23.44,35.0,26.96,0.0,586.0
Mogode,2019-01-01,24.57,37.35,17.72,0.0,475.0
Mogode,2019-02-01,26.56,38.81,16.15,0.56,293.0
Mogode,2019-03-01,30.74,41.97,14.92,0.0,270.0
Mogode,2019-04-01,32.64,42.47,23.28,4.8,243.0
Mogode,2019-05-01,30.13,41.42,53.2,88.97,188.0
Mogode,2019-06-01,26.79,36.63,72.37,280.5,296.0
Mogode,2019-07-01,24.61,32.14,83.2,240.87,489.0
Mogode,2019-08-01,23.41,28.61,87.31,211.73,945.0
Mogode,2019-09-01,24.62,31.26,82.94,106.5,1541.0
Mogode,2019-10-01,24.38,31.89,81.14,93.31,2579.0
Mogode,2019-11-01,25.32,34.86,54.33,0.0,2023.0
Mogode,2019-12-01,22.8,34.55,25.04,0.0,1625.0
Mogode,2020-01-01,22.99,36.1,19.45,0.0,529.0
Mogode,2020-02-01,25.89,39.01,15.75,0.0,416.0
Mogode,2020-03-01,30.2,41.05,18.6,0.31,290.0
Mogode,2020-04-01,31.51,41.68,35.51,32.7,274.0
Mogode,2020-05-01,29.3,39.71,58.46,39.06,256.0
Mogode,2020-06-01,28.63,38.76,60.68,52.5,573.0
Mogode,2020-07-01,25.64,36.19,74.31,155.0,884.0
Mogode,2020-08-01,23.74,30.67,84.31,223.2,1689.0
Mogode,2020-09-01,24.08,31.25,84.0,183.9,1947.0
Mogode,2020-10-01,25.21,33.99,66.96,32.24,2385.0
Mogode,2020-11-01,25.13,35.08,42.07,0.3,2408.0
Mogode,2020-12-01,25.53,36.35,25.01,0.0,1361.0
Mogode,2021-01-01,25.26,36.89,17.57,0.0,1098.0
Mogode,2021-02-01,25.76,38.01,14.13,0.0,494.0
Mogode,2021-03-01,30.07,40.56,24.93,3.41,409.0
Mogode,2021-04-01,31.5,42.08,26.65,5.4,228.0
Mogode,2021-05-01,31.38,41.41,42.62,20.46,126.0
Mogode,2021-06-01,28.45,39.07,59.87,82.5,340.0
Mogode,2021-07-01,24.64,34.53,80.18,177.32,602.0
Mogode,2021-08-01,24.22,30.35,82.37,143.22,1123.0
Mogode,2021-09-01,25.01,32.69,79.71,94.8,2597.0
Mogode,2021-10-01,26.95,35.99,65.55,50.84,2947.0
Mogode,2021-11-01,27.52,37.21,37.5,0.6,2271.0
Mogode,2021-12-01,25.23,36.0,22.77,0.0,1013.0
Mogode,2022-01-01,23.54,36.12,20.34,0.0,732.0
Mogode,2022-02-01,24.94,37.76,13.26,0.0,546.0
Mogode,2022-03-01,29.91,41.16,12.71,0.0,552.0
Mogode,2022-04-01,30.89,42.71,40.85,21.9,364.0
Mogode,2022-05-01,28.93,39.22,58.32,34.72,519.0
Mogode,2022-06-01,27.65,38.95,63.28,87.9,818.0
Mogode,2022-07-01,25.27,36.13,77.14,195.61,1855.0
Mogode,2022-08-01,23.49,29.88,86.8,235.91,1668.0
Mogode,2022-09-01,24.25,30.31,83.75,304.5,1554.0
Mogode,2022-10-01,24.71,33.01,72.17,6.2,1373.0
Mogode,2022-11-01,24.45,34.33,39.56,0.0,780.0
Mogode,2022-12-01,23.11,35.96,26.83,0.0,455.0
Mogode,2023-01-01,24.57,38.13,21.28,0.0,465.0
Mogode,2023-02-01,26.36,39.47,15.56,0.0,263.0
Mogode,2023-03-01,29.78,41.51,18.12,1.86,369.0
Mogode,2023-04-01,32.12,41.54,29.86,6.6,223.0
Mogode,2023-05-01,29.81,39.84,55.19,115.01,246.0
Mogode,2023-06-01,27.29,36.07,67.64,92.1,391.0
Mogode,2023-07-01,27.3,36.05,67.03,83.39,756.0
Mogode,2023-08-01,25.46,33.18,77.81,157.17,891.0
Mogode,2023-09-01,25.71,34.64,77.53,119.1,911.0
Mogode,2023-10-01,28.4,37.69,56.77,22.63,1076.0
Mogode,2023-11-01,28.54,38.11,34.33,5.1,1063.0
Mogode,2023-12-01,24.83,36.98,21.28,0.0,643.0
Mogode,2024-01-01,23.65,35.47,14.6,0.0,324.0
Mogode,2024-02-01,26.92,41.73,16.85,0.0,260.0
Mogode,2024-03-01,32.23,43.55,13.68,0.0,330.0
Mogode,2024-04-01,33.68,44.03,24.16,1.8,387.0
Mogode,2024-05-01,33.71,43.21,36.53,9.61,159.0
Mogode,2024-06-01,28.48,39.95,65.16,166.5,179.0
Mogode,2024-07-01,25.27,33.59,80.49,294.19,419.0
Mogode,2024-08-01,23.53,28.48,88.76,313.41,673.0
Mogode,2024-09-01,24.65,30.39,83.27,127.5,997.0
Mogode,2024-10-01,24.69,31.49,76.38,74.09,1433.0
Mogode,2024-11-01,22.42,33.2,49.49,0.0,828.0
Mogode,2024-12-01,22.61,34.52,32.51,0.0,518.0
Mogode,2025-01-01,24.44,37.21,22.68,0.0,456.0
Mogode,2025-02-01,27.6,39.47,16.46,0.0,365.0
Mogode,2025-03-01,30.86,42.12,12.71,0.0,262.0
Mogode,2025-04-01,32.53,43.05,20.63,8.7,216.0
Mogode,2025-05-01,33.06,42.38,32.58,11.78,195.0
Mogode,2025-06-01,29.55,40.14,55.39,108.3,290.0
Mogode,2025-07-01,25.07,33.43,78.67,291.71,411.0
Mogode,2025-08-01,23.99,30.15,84.07,211.42,705.0
Mogode,2025-09-01,24.8,31.32,81.97,124.8,840.0
Mogode,2025-10-01,25.69,34.51,66.73,29.76,1539.0
Mogode,2025-11-01,26.18,37.23,35.2,0.0,954.0
Mogode,2025-12-01,26.22,37.19,23.91,0.0,504.0
Mokolo,2017-01-01,25.78,38.72,19.25,0.0,900.0
Mokolo,2017-02-01,25.66,37.63,12.21,0.28,829.0
Mokolo,2017-03-01,29.62,41.15,11.78,0.0,931.0
Mokolo,2017-04-01,32.06,41.8,30.98,12.9,673.0
Mokolo,2017-05-01,28.38,40.45,62.63,157.17,779.0
Mokolo,2017-06-01,26.62,37.01,71.3,106.5,869.0
Mokolo,2017-07-01,24.54,30.4,83.0,253.27,2659.0
Mokolo,2017-08-01,23.82,29.15,86.26,224.75,5958.0
Mokolo,2017-09-01,24.4,30.97,82.83,147.0,8129.0
Mokolo,2017-10-01,25.63,34.57,61.48,22.94,9122.0
Mokolo,2017-11-01,25.35,36.82,33.78,0.0,6348.0
Mokolo,2017-12-01,24.91,36.04,23.77,0.0,1684.0
Mokolo,2018-01-01,21.94,34.06,14.38,0.0,1444.0
Mokolo,2018-02-01,28.3,39.88,17.2,5.32,967.0
Mokolo,2018-03-01,30.21,40.69,13.54,0.31,882.0
Mokolo,2018-04-01,31.77,40.96,29.26,4.8,802.0
Mokolo,2018-05-01,28.42,39.98,63.69,117.49,936.0
Mokolo,2018-06-01,26.76,36.14,70.55,138.9,1062.0
Mokolo,2018-07-01,24.82,31.79,79.86,242.11,4982.0
Mokolo,2018-08-01,23.59,29.42,86.9,310.31,13345.0
Mokolo,2018-09-01,24.37,31.35,83.9,219.9,10729.0
Mokolo,2018-10-01,25.56,32.54,74.56,41.85,11902.0
Mokolo,2018-11-01,25.37,35.46,44.23,2.1,6515.0
Mokolo,2018-12-01,23.44,35.0,26.96,0.0,2903.0
Mokolo,2019-01-01,24.57,37.35,17.72,0.0,2557.0
Mokolo,2019-02-01,26.56,38.81,16.15,0.56,1468.0
Mokolo,2019-03-01,30.74,41.97,14.92,0.0,1490.0
Mokolo,2019-04-01,32.64,42.47,23.28,4.8,1410.0
Mokolo,2019-05-01,30.13,41.42,53.2,88.97,1400.0
Mokolo,2019-06-01,26.79,36.63,72.37,280.5,1069.0
Mokolo,2019-07-01,24.61,32.14,83.2,240.87,3472.0
Mokolo,2019-08-01,23.41,28.61,87.31,211.73,7784.0
Mokolo,2019-09-01,24.62,31.26,82.94,106.5,9329.0
Mokolo,2019-10-01,24.38,31.89,81.14,93.31,10773.0
Mokolo,2019-11-01,25.32,34.86,54.33,0.0,7234.0
Mokolo,2019-12-01,22.8,34.55,25.04,0.0,6885.0
Mokolo,2020-01-01,22.99,36.1,19.45,0.0,4340.0
Mokolo,2020-02-01,25.89,39.01,15.75,0.0,2325.0
Mokolo,2020-03-01,30.2,41.05,18.6,0.31,1664.0
Mokolo,2020-04-01,31.51,41.68,35.51,32.7,1286.0
Mokolo,2020-05-01,29.3,39.71,58.46,39.06,949.0
Mokolo,2020-06-01,28.63,38.76,60.68,52.5,1627.0
Mokolo,2020-07-01,25.64,36.19,74.31,155.0,7212.0
Mokolo,2020-08-01,23.74,30.67,84.31,223.2,10158.0
Mokolo,2020-09-01,24.08,31.25,84.0,183.9,12030.0
Mokolo,2020-10-01,25.21,33.99,66.96,32.24,14520.0
Mokolo,2020-11-01,25.13,35.08,42.07,0.3,10594.0
Mokolo,2020-12-01,25.53,36.35,25.01,0.0,6747.0
Mokolo,2021-01-01,25.26,36.89,17.57,0.0,6378.0
Mokolo,2021-02-01,25.76,38.01,14.13,0.0,4473.0
Mokolo,2021-03-01,30.07,40.56,24.93,3.41,2368.0
Mokolo,2021-04-01,31.5,42.08,26.65,5.4,1433.0
Mokolo,2021-05-01,31.38,41.41,42.62,20.46,1555.0
Mokolo,2021-06-01,28.45,39.07,59.87,82.5,1961.0
Mokolo,2021-07-01,24.64,34.53,80.18,177.32,9478.0
Mokolo,2021-08-01,24.22,30.35,82.37,143.22,13054.0
Mokolo,2021-09-01,25.01,32.69,79.71,94.8,11340.0
Mokolo,2021-10-01,26.95,35.99,65.55,50.84,12154.0
Mokolo,2021-11-01,27.52,37.21,37.5,0.6,9421.0
Mokolo,2021-12-01,25.23,36.0,22.77,0.0,5387.0
Mokolo,2022-01-01,23.54,36.12,20.34,0.0,3725.0
Mokolo,2022-02-01,24.94,37.76,13.26,0.0,2581.0
Mokolo,2022-03-01,29.91,41.16,12.71,0.0,2399.0
Mokolo,2022-04-01,30.89,42.71,40.85,21.9,1630.0
Mokolo,2022-05-01,28.93,39.22,58.32,34.72,1797.0
Mokolo,2022-06-01,27.65,38.95,63.28,87.9,2502.0
Mokolo,2022-07-01,25.27,36.13,77.14,195.61,8229.0
Mokolo,2022-08-01,23.49,29.88,86.8,235.91,7462.0
Mokolo,2022-09-01,24.25,30.31,83.75,304.5,8202.0
Mokolo,2022-10-01,24.71,33.01,72.17,6.2,6746.0
Mokolo,2022-11-01,24.45,34.33,39.56,0.0,3879.0
Mokolo,2022-12-01,23.11,35.96,26.83,0.0,4295.0
Mokolo,2023-01-01,24.57,38.13,21.28,0.0,1846.0
Mokolo,2023-02-01,26.36,39.47,15.56,0.0,1621.0
Mokolo,2023-03-01,29.78,41.51,18.12,1.86,1285.0
Mokolo,2023-04-01,32.12,41.54,29.86,6.6,1075.0
Mokolo,2023-05-01,29.81,39.84,55.19,115.01,1079.0
Mokolo,2023-06-01,27.29,36.07,67.64,92.1,1352.0
Mokolo,2023-07-01,27.3,36.05,67.03,83.39,3760.0
Mokolo,2023-08-01,25.46,33.18,77.81,157.17,6923.0
Mokolo,2023-09-01,25.71,34.64,77.53,119.1,5795.0
Mokolo,2023-10-01,28.4,37.69,56.77,22.63,7470.0
Mokolo,2023-11-01,28.54,38.11,34.33,5.1,6027.0
Mokolo,2023-12-01,24.83,36.98,21.28,0.0,4638.0
Mokolo,2024-01-01,23.65,35.47,14.6,0.0,3254.0
Mokolo,2024-02-01,26.92,41.73,16.85,0.0,3068.0
Mokolo,2024-03-01,32.23,43.55,13.68,0.0,1587.0
Mokolo,2024-04-01,33.68,44.03,24.16,1.8,1897.0
Mokolo,2024-05-01,33.71,43.21,36.53,9.61,1370.0
Mokolo,2024-06-01,28.48,39.95,65.16,166.5,1360.0
Mokolo,2024-07-01,25.27,33.59,80.49,294.19,2231.0
Mokolo,2024-08-01,23.53,28.48,88.76,313.41,6826.0
Mokolo,2024-09-01,24.65,30.39,83.27,127.5,7544.0
Mokolo,2024-10-01,24.69,31.49,76.38,74.09,7000.0
Mokolo,2024-11-01,22.42,33.2,49.49,0.0,3867.0
Mokolo,2024-12-01,22.61,34.52,32.51,0.0,2620.0
Mokolo,2025-01-01,24.44,37.21,22.68,0.0,2164.0
Mokolo,2025-02-01,27.6,39.47,16.46,0.0,1515.0
Mokolo,2025-03-01,30.86,42.12,12.71,0.0,1272.0
Mokolo,2025-04-01,32.53,43.05,20.63,8.7,867.0
Mokolo,2025-05-01,33.06,42.38,32.58,11.78,986.0
Mokolo,2025-06-01,29.55,40.14,55.39,108.3,1064.0
Mokolo,2025-07-01,25.07,33.43,78.67,291.71,2167.0
Mokolo,2025-08-01,23.99,30.15,84.07,211.42,4844.0
Mokolo,2025-09-01,24.8,31.32,81.97,124.8,5952.0
Mokolo,2025-10-01,25.69,34.51,66.73,29.76,6289.0
Mokolo,2025-11-01,26.18,37.23,35.2,0.0,3390.0
Mokolo,2025-12-01,26.22,37.19,23.91,0.0,2094.0
Mora,2017-01-01,26.88,41.14,17.76,0.0,1591.0
Mora,2017-02-01,26.58,39.75,11.87,0.0,1186.0
Mora,2017-03-01,30.82,43.88,11.8,0.0,391.0
Mora,2017-04-01,34.92,44.98,20.0,0.3,443.0
Mora,2017-05-01,33.81,44.97,41.45,41.85,208.0
Mora,2017-06-01,30.43,42.41,58.52,90.9,214.0
Mora,2017-07-01,28.19,37.5,69.65,151.28,221.0
Mora,2017-08-01,26.68,34.72,78.14,174.84,961.0
Mora,2017-09-01,27.56,37.22,72.72,86.1,3271.0
Mora,2017-10-01,28.66,39.87,46.23,10.85,3000.0
Mora,2017-11-01,28.22,40.59,20.67,0.0,1526.0
Mora,2017-12-01,26.54,38.85,20.37,0.0,505.0
Mora,2018-01-01,22.5,35.61,15.36,0.0,1966.0
Mora,2018-02-01,29.58,42.52,15.52,0.84,828.0
Mora,2018-03-01,31.68,43.2,11.2,0.0,321.0
Mora,2018-04-01,34.39,45.54,19.75,2.1,209.0
Mora,2018-05-01,33.79,44.1,43.93,27.9,311.0
Mora,2018-06-01,31.54,43.4,52.8,67.5,177.0
Mora,2018-07-01,28.24,37.31,68.29,198.71,889.0
Mora,2018-08-01,26.19,32.98,80.9,241.18,3882.0
Mora,2018-09-01,26.39,33.04,81.28,142.8,4875.0
Mora,2018-10-01,28.35,38.6,64.42,12.71,3761.0
Mora,2018-11-01,27.95,39.3,29.67,0.3,1741.0
Mora,2018-12-01,25.21,37.77,22.2,0.0,2603.0
Mora,2019-01-01,25.43,39.24,16.69,0.0,2110.0
Mora,2019-02-01,27.36,40.11,14.81,0.0,1363.0
Mora,2019-03-01,32.2,44.57,13.53,0.0,966.0
Mora,2019-04-01,34.92,45.1,16.16,0.6,202.0
Mora,2019-05-01,34.68,45.9,38.64,26.97,168.0
Mora,2019-06-01,30.58,41.38,59.96,138.6,537.0
Mora,2019-07-01,28.27,37.94,69.38,110.36,810.0
Mora,2019-08-01,26.48,34.07,78.04,164.92,3256.0
Mora,2019-09-01,28.08,38.36,70.89,60.0,4408.0
Mora,2019-10-01,27.88,37.47,68.55,55.49,6638.0
Mora,2019-11-01,28.56,39.92,37.91,0.0,4985.0
Mora,2019-12-01,24.44,36.91,19.93,0.0,5238.0
Mora,2020-01-01,24.09,38.26,18.42,0.0,4178.0
Mora,2020-02-01,26.69,41.3,15.34,0.0,1332.0
Mora,2020-03-01,31.94,43.83,16.14,0.0,1244.0
Mora,2020-04-01,34.7,45.88,22.59,4.8,1027.0
Mora,2020-05-01,34.05,44.64,38.62,9.61,830.0
Mora,2020-06-01,33.38,43.29,44.89,38.7,962.0
Mora,2020-07-01,29.04,39.79,63.87,89.28,1254.0
Mora,2020-08-01,27.02,35.56,74.38,150.04,3327.0
Mora,2020-09-01,26.87,35.74,76.15,108.9,5707.0
Mora,2020-10-01,27.78,38.57,58.69,24.8,8201.0
Mora,2020-11-01,27.31,38.61,34.83,0.0,7159.0
Mora,2020-12-01,26.8,39.28,23.72,0.0,5543.0
Mora,2021-01-01,26.15,39.06,18.34,0.0,4984.0
Mora,2021-02-01,26.52,39.58,14.66,0.0,3300.0
Mora,2021-03-01,32.09,43.68,17.41,0.0,1837.0
Mora,2021-04-01,33.64,44.81,17.55,0.0,1423.0
Mora,2021-05-01,34.98,44.51,27.39,6.82,1165.0
Mora,2021-06-01,32.12,42.34,48.65,41.7,921.0
Mora,2021-07-01,28.78,39.9,65.35,134.23,1339.0
Mora,2021-08-01,27.53,36.58,72.92,75.64,4639.0
Mora,2021-09-01,28.42,38.82,68.35,56.1,6367.0
Mora,2021-10-01,30.53,40.61,49.34,24.8,6492.0
Mora,2021-11-01,29.76,40.65,25.61,0.0,3715.0
Mora,2021-12-01,26.42,38.13,21.26,0.0,3049.0
Mora,2022-01-01,24.32,37.64,20.36,0.0,3165.0
Mora,2022-02-01,25.64,39.92,13.46,0.0,2276.0
Mora,2022-03-01,31.19,43.82,11.38,0.0,1960.0
Mora,2022-04-01,34.68,45.41,27.02,3.9,1571.0
Mora,2022-05-01,33.75,42.5,40.32,14.26,1443.0
Mora,2022-06-01,31.85,42.8,48.26,45.0,1659.0
Mora,2022-07-01,28.9,40.7,65.3,147.87,3068.0
Mora,2022-08-01,25.93,35.25,80.6,212.35,4498.0
Mora,2022-09-01,26.26,33.13,81.43,142.8,6248.0
Mora,2022-10-01,27.48,36.84,61.54,4.65,7521.0
Mora,2022-11-01,26.57,38.71,30.92,0.0,6193.0
Mora,2022-12-01,24.63,38.98,24.13,0.0,6562.0
Mora,2023-01-01,25.61,40.58,20.66,0.0,3936.0
Mora,2023-02-01,27.34,41.61,15.75,0.0,2743.0
Mora,2023-03-01,31.44,43.79,16.27,6.51,2536.0
Mora,2023-04-01,34.88,44.6,21.13,8.4,1644.0
Mora,2023-05-01,34.84,44.37,35.61,24.49,1541.0
Mora,2023-06-01,30.54,40.61,58.26,76.5,1813.0
Mora,2023-07-01,30.44,39.7,58.95,95.48,2546.0
Mora,2023-08-01,28.34,37.65,70.84,121.21,2743.0
Mora,2023-09-01,28.99,39.44,68.14,80.7,3557.0
Mora,2023-10-01,31.26,41.39,45.13,11.16,4392.0
Mora,2023-11-01,30.8,40.89,26.83,1.2,4994.0
Mora,2023-12-01,25.99,39.52,21.32,0.0,4269.0
Mora,2024-01-01,24.32,37.09,16.37,0.0,3550.0
Mora,2024-02-01,27.75,44.0,16.78,0.0,2605.0
Mora,2024-03-01,33.73,46.38,11.96,0.0,2531.0
Mora,2024-04-01,35.95,46.54,15.45,2.4,2121.0
Mora,2024-05-01,37.17,46.94,24.72,5.89,1593.0
Mora,2024-06-01,32.35,42.44,52.4,98.4,2067.0
Mora,2024-07-01,28.52,38.69,70.29,159.65,2820.0
Mora,2024-08-01,26.03,33.18,83.28,248.0,5485.0
Mora,2024-09-01,26.96,34.37,79.27,81.3,5968.0
Mora,2024-10-01,27.51,37.28,66.31,43.4,8388.0
Mora,2024-11-01,25.3,38.56,37.36,0.0,6851.0
Mora,2024-12-01,24.15,38.1,28.92,0.0,5590.0
Mora,2025-01-01,25.52,39.5,22.09,0.0,4627.0
Mora,2025-02-01,28.58,41.84,16.75,0.0,3911.0
Mora,2025-03-01,32.23,44.15,12.53,0.0,2837.0
Mora,2025-04-01,34.63,45.89,16.04,1.8,2508.0
Mora,2025-05-01,35.99,45.64,22.97,6.51,2012.0
Mora,2025-06-01,33.78,43.86,42.36,58.2,2318.0
Mora,2025-07-01,28.65,39.11,66.77,175.77,3181.0
Mora,2025-08-01,27.03,34.7,74.56,165.23,5021.0
Mora,2025-09-01,27.31,35.95,76.18,99.3,5039.0
Mora,2025-10-01,28.23,39.15,55.65,12.71,4565.0
Mora,2025-11-01,28.43,40.09,27.21,0.0,3987.0
Mora,2025-12-01,27.34,39.89,22.83,0.0,4051.0
Moulvoudaye,2017-01-01,28.01,41.11,16.94,0.0,238.0
Moulvoudaye,2017-02-01,27.88,40.06,11.68,0.0,196.0
Moulvoudaye,2017-03-01,31.66,43.26,11.91,0.0,197.0
Moulvoudaye,2017-04-01,34.64,44.26,30.2,10.5,149.0
Moulvoudaye,2017-05-01,31.53,42.05,53.08,84.63,162.0
Moulvoudaye,2017-06-01,28.63,39.57,68.29,107.7,88.0
Moulvoudaye,2017-07-01,26.47,34.09,79.43,214.52,560.0
Moulvoudaye,2017-08-01,25.52,31.08,84.76,292.64,881.0
Moulvoudaye,2017-09-01,25.99,32.39,82.14,138.3,1246.0
Moulvoudaye,2017-10-01,27.44,37.28,64.71,22.01,1773.0
Moulvoudaye,2017-11-01,28.29,40.17,32.99,0.0,1007.0
Moulvoudaye,2017-12-01,27.31,39.03,20.38,0.0,659.0
Moulvoudaye,2018-01-01,23.85,36.57,13.94,0.0,364.0
Moulvoudaye,2018-02-01,30.2,42.05,15.75,3.64,246.0
Moulvoudaye,2018-03-01,32.4,42.9,14.45,0.31,257.0
Moulvoudaye,2018-04-01,34.41,43.89,27.24,7.2,183.0
Moulvoudaye,2018-05-01,30.38,43.05,61.3,91.14,151.0
Moulvoudaye,2018-06-01,28.57,38.2,68.07,136.8,124.0
Moulvoudaye,2018-07-01,26.63,34.03,77.66,212.04,1062.0
Moulvoudaye,2018-08-01,25.4,31.41,84.74,303.8,1122.0
Moulvoudaye,2018-09-01,26.0,32.89,83.38,168.9,1992.0
Moulvoudaye,2018-10-01,27.29,36.97,73.47,20.77,2167.0
Moulvoudaye,2018-11-01,27.83,39.19,44.83,6.0,655.0
Moulvoudaye,2018-12-01,26.5,38.73,21.2,0.0,376.0
Moulvoudaye,2019-01-01,26.93,40.04,15.51,0.0,422.0
Moulvoudaye,2019-02-01,28.66,41.75,14.82,0.28,233.0
Moulvoudaye,2019-03-01,33.3,44.4,14.75,0.0,302.0
Moulvoudaye,2019-04-01,35.03,45.1,20.47,0.9,180.0
Moulvoudaye,2019-05-01,32.88,44.7,47.38,62.31,75.0
Moulvoudaye,2019-06-01,29.09,39.63,68.09,235.8,266.0
Moulvoudaye,2019-07-01,26.44,34.7,80.59,182.9,607.0
Moulvoudaye,2019-08-01,25.22,30.68,84.89,192.2,1342.0
Moulvoudaye,2019-09-01,26.34,33.61,81.23,113.1,1062.0
Moulvoudaye,2019-10-01,26.24,34.51,79.08,89.28,1304.0
Moulvoudaye,2019-11-01,26.94,37.78,54.38,0.0,969.0
Moulvoudaye,2019-12-01,25.29,37.81,22.69,0.0,786.0
Moulvoudaye,2020-01-01,25.05,38.13,18.23,0.0,598.0
Moulvoudaye,2020-02-01,28.01,42.02,15.1,0.0,348.0
Moulvoudaye,2020-03-01,32.48,43.89,17.86,0.62,226.0
Moulvoudaye,2020-04-01,34.48,43.77,29.3,9.0,198.0
Moulvoudaye,2020-05-01,32.16,43.87,51.65,46.5,128.0
Moulvoudaye,2020-06-01,30.96,41.1,55.45,54.0,182.0
Moulvoudaye,2020-07-01,27.63,37.34,71.04,117.49,433.0
Moulvoudaye,2020-08-01,26.05,34.23,79.35,163.37,1497.0
Moulvoudaye,2020-09-01,25.65,32.31,83.16,182.4,1210.0
Moulvoudaye,2020-10-01,26.66,36.54,69.9,39.06,1132.0
Moulvoudaye,2020-11-01,27.49,37.92,42.45,0.9,942.0
Moulvoudaye,2020-12-01,27.59,39.1,24.28,0.0,759.0
Moulvoudaye,2021-01-01,27.1,39.25,17.7,0.0,589.0
Moulvoudaye,2021-02-01,27.71,40.36,14.12,0.0,400.0
Moulvoudaye,2021-03-01,32.86,43.35,20.57,0.62,358.0
Moulvoudaye,2021-04-01,34.0,44.12,22.69,2.7,184.0
Moulvoudaye,2021-05-01,33.75,43.4,38.57,19.22,335.0
Moulvoudaye,2021-06-01,30.07,41.44,59.37,76.2,323.0
Moulvoudaye,2021-07-01,26.45,36.53,77.57,162.44,614.0
Moulvoudaye,2021-08-01,25.98,32.71,80.93,144.15,1649.0
Moulvoudaye,2021-09-01,26.52,34.8,79.24,114.9,1636.0
Moulvoudaye,2021-10-01,28.48,38.45,67.09,41.23,1676.0
Moulvoudaye,2021-11-01,29.92,39.85,39.19,0.3,928.0
Moulvoudaye,2021-12-01,27.39,38.95,22.09,0.0,645.0
Moulvoudaye,2022-01-01,25.77,38.28,19.42,0.0,426.0
Moulvoudaye,2022-02-01,26.89,40.2,12.94,0.0,301.0
Moulvoudaye,2022-03-01,32.16,43.68,12.37,0.0,366.0
Moulvoudaye,2022-04-01,33.69,44.19,34.58,13.5,279.0
Moulvoudaye,2022-05-01,30.73,40.73,57.41,79.67,254.0
Moulvoudaye,2022-06-01,29.29,39.89,62.05,96.3,381.0
Moulvoudaye,2022-07-01,27.09,37.02,74.59,144.15,586.0
Moulvoudaye,2022-08-01,25.26,31.88,84.64,234.36,849.0
Moulvoudaye,2022-09-01,25.82,32.32,83.45,288.0,886.0
Moulvoudaye,2022-10-01,26.43,35.51,73.05,16.74,875.0
Moulvoudaye,2022-11-01,26.85,37.53,39.77,0.0,361.0
Moulvoudaye,2022-12-01,25.6,38.87,24.55,0.0,287.0
Moulvoudaye,2023-01-01,26.81,41.13,19.95,0.0,300.0
Moulvoudaye,2023-02-01,28.56,41.7,15.0,0.0,128.0
Moulvoudaye,2023-03-01,32.13,43.88,17.74,0.93,153.0
Moulvoudaye,2023-04-01,35.13,44.29,25.33,3.0,135.0
Moulvoudaye,2023-05-01,32.74,42.76,48.52,115.01,155.0
Moulvoudaye,2023-06-01,28.81,38.04,68.12,117.6,166.0
Moulvoudaye,2023-07-01,28.74,36.78,68.59,82.46,317.0
Moulvoudaye,2023-08-01,26.77,33.8,79.8,165.54,287.0
Moulvoudaye,2023-09-01,27.42,36.39,77.19,113.1,305.0
Moulvoudaye,2023-10-01,29.89,40.11,59.99,26.04,680.0
Moulvoudaye,2023-11-01,30.95,40.5,34.44,3.9,581.0
Moulvoudaye,2023-12-01,27.16,39.52,20.1,0.0,379.0
Moulvoudaye,2024-01-01,25.53,37.5,14.57,0.0,315.0
Moulvoudaye,2024-02-01,29.1,44.09,16.41,0.0,176.0
Moulvoudaye,2024-03-01,34.26,46.38,13.61,0.0,253.0
Moulvoudaye,2024-04-01,36.47,45.43,21.88,5.4,373.0
Moulvoudaye,2024-05-01,36.39,46.81,31.07,14.26,253.0
Moulvoudaye,2024-06-01,30.19,42.06,63.35,124.8,174.0
Moulvoudaye,2024-07-01,27.43,36.7,76.64,212.66,318.0
Moulvoudaye,2024-08-01,25.44,31.09,85.71,271.56,573.0
Moulvoudaye,2024-09-01,26.42,32.11,81.93,137.7,699.0
Moulvoudaye,2024-10-01,26.62,34.97,75.63,66.96,778.0
Moulvoudaye,2024-11-01,25.55,37.19,45.54,0.0,632.0
Moulvoudaye,2024-12-01,25.63,38.17,27.06,0.0,467.0
Moulvoudaye,2025-01-01,26.95,41.13,20.26,0.0,541.0
Moulvoudaye,2025-02-01,29.74,42.58,15.78,0.0,463.0
Moulvoudaye,2025-03-01,32.78,43.91,12.54,0.0,416.0
Moulvoudaye,2025-04-01,34.63,45.6,20.9,11.7,354.0
Moulvoudaye,2025-05-01,35.6,44.79,30.76,8.37,341.0
Moulvoudaye,2025-06-01,31.14,42.5,55.6,122.7,272.0
Moulvoudaye,2025-07-01,26.74,34.82,77.88,235.29,390.0
Moulvoudaye,2025-08-01,25.71,31.97,82.9,250.17,741.0
Moulvoudaye,2025-09-01,26.39,32.44,81.7,115.2,845.0
Moulvoudaye,2025-10-01,27.27,37.17,68.52,20.15,1054.0
Moulvoudaye,2025-11-01,28.4,40.15,35.23,0.0,532.0
Moulvoudaye,2025-12-01,28.5,39.69,21.74,0.0,395.0
Moutourwa,2017-01-01,27.2,40.06,16.76,0.0,74.0
Moutourwa,2017-02-01,26.98,39.02,11.25,0.0,93.0
Moutourwa,2017-03-01,30.84,42.28,11.33,0.0,60.0
Moutourwa,2017-04-01,33.66,43.41,29.91,15.6,45.0
Moutourwa,2017-05-01,30.65,41.4,54.71,93.0,45.0
Moutourwa,2017-06-01,28.18,38.9,67.55,99.9,35.0
Moutourwa,2017-07-01,26.05,33.33,79.11,226.3,397.0
Moutourwa,2017-08-01,25.06,30.6,84.68,285.51,568.0
Moutourwa,2017-09-01,25.53,31.67,81.75,139.8,686.0
Moutourwa,2017-10-01,26.79,36.18,62.25,23.87,605.0
Moutourwa,2017-11-01,27.0,38.73,31.91,0.0,251.0
Moutourwa,2017-12-01,26.43,37.76,20.49,0.0,242.0
Moutourwa,2018-01-01,23.03,35.14,13.45,0.0,78.0
Moutourwa,2018-02-01,29.43,41.08,16.07,5.88,48.0
Moutourwa,2018-03-01,31.39,42.0,13.45,0.0,50.0
Moutourwa,2018-04-01,33.38,42.99,27.08,8.4,101.0
Moutourwa,2018-05-01,29.94,41.98,60.6,95.48,88.0
Moutourwa,2018-06-01,28.21,38.21,67.43,140.4,74.0
Moutourwa,2018-07-01,26.06,33.04,77.88,226.92,1208.0
Moutourwa,2018-08-01,24.83,30.72,85.14,329.84,1717.0
Moutourwa,2018-09-01,25.51,32.45,83.07,174.9,1755.0
Moutourwa,2018-10-01,26.82,35.63,73.13,20.46,1877.0
Moutourwa,2018-11-01,27.04,37.71,42.96,4.2,571.0
Moutourwa,2018-12-01,25.49,37.55,21.44,0.0,390.0
Moutourwa,2019-01-01,26.06,38.76,15.18,0.0,222.0
Moutourwa,2019-02-01,27.91,41.09,14.49,0.28,180.0
Moutourwa,2019-03-01,32.23,43.52,14.13,0.0,181.0
Moutourwa,2019-04-01,34.23,44.07,20.68,1.5,193.0
Moutourwa,2019-05-01,31.93,43.94,48.89,69.44,132.0
Moutourwa,2019-06-01,28.48,38.96,68.38,251.1,218.0
Moutourwa,2019-07-01,25.86,33.91,81.32,194.06,598.0
Moutourwa,2019-08-01,24.71,29.85,85.25,200.88,1495.0
Moutourwa,2019-09-01,25.83,32.88,81.47,114.0,1323.0
Moutourwa,2019-10-01,25.69,33.59,79.32,91.45,1391.0
Moutourwa,2019-11-01,26.36,36.75,54.24,0.0,943.0
Moutourwa,2019-12-01,24.33,36.63,21.58,0.0,855.0
Moutourwa,2020-01-01,24.26,37.38,17.64,0.0,522.0
Moutourwa,2020-02-01,27.09,40.78,14.85,0.0,302.0
Moutourwa,2020-03-01,31.59,42.68,17.47,0.31,296.0
Moutourwa,2020-04-01,33.46,43.02,30.48,10.8,271.0
Moutourwa,2020-05-01,31.26,42.6,53.32,44.95,302.0
Moutourwa,2020-06-01,30.46,40.63,55.72,50.1,220.0
Moutourwa,2020-07-01,27.2,36.84,70.53,115.94,957.0
Moutourwa,2020-08-01,25.45,33.51,79.63,182.28,1800.0
Moutourwa,2020-09-01,25.29,32.18,82.32,186.0,1455.0
Moutourwa,2020-10-01,26.3,35.54,67.73,43.09,1494.0
Moutourwa,2020-11-01,26.53,36.81,41.44,0.6,1353.0
Moutourwa,2020-12-01,26.78,37.98,23.2,0.0,865.0
Moutourwa,2021-01-01,26.29,38.44,17.2,0.0,595.0
Moutourwa,2021-02-01,26.83,39.09,13.66,0.0,578.0
Moutourwa,2021-03-01,31.78,42.47,21.46,1.55,478.0
Moutourwa,2021-04-01,33.11,43.4,23.17,4.2,536.0
Moutourwa,2021-05-01,32.99,42.8,39.04,20.46,346.0
Moutourwa,2021-06-01,29.62,40.76,58.83,83.1,391.0
Moutourwa,2021-07-01,26.04,35.68,77.19,175.46,1511.0
Moutourwa,2021-08-01,25.46,32.65,80.74,143.22,1768.0
Moutourwa,2021-09-01,26.25,34.65,77.85,101.4,2120.0
Moutourwa,2021-10-01,28.13,37.85,65.43,42.47,2267.0
Moutourwa,2021-11-01,29.0,38.74,36.86,0.6,2149.0
Moutourwa,2021-12-01,26.56,37.82,21.27,0.0,1008.0
Moutourwa,2022-01-01,24.81,37.1,19.35,0.0,860.0
Moutourwa,2022-02-01,26.02,39.2,12.62,0.0,562.0
Moutourwa,2022-03-01,31.18,42.98,11.94,0.0,611.0
Moutourwa,2022-04-01,32.76,43.96,36.07,15.9,455.0
Moutourwa,2022-05-01,30.43,40.15,55.71,53.32,577.0
Moutourwa,2022-06-01,29.04,39.45,60.8,93.6,609.0
Moutourwa,2022-07-01,26.79,37.06,73.36,151.9,1887.0
Moutourwa,2022-08-01,24.8,31.44,84.34,230.64,1936.0
Moutourwa,2022-09-01,25.4,31.87,82.83,299.1,1824.0
Moutourwa,2022-10-01,25.9,34.85,72.02,11.47,1309.0
Moutourwa,2022-11-01,25.96,36.24,38.25,0.0,1104.0
Moutourwa,2022-12-01,24.77,37.95,23.37,0.0,714.0
Moutourwa,2023-01-01,25.9,39.61,19.54,0.0,491.0
Moutourwa,2023-02-01,27.64,40.97,14.73,0.0,364.0
Moutourwa,2023-03-01,31.18,42.85,17.24,2.48,357.0
Moutourwa,2023-04-01,34.12,43.17,25.84,2.7,300.0
Moutourwa,2023-05-01,32.13,42.13,48.12,97.03,270.0
Moutourwa,2023-06-01,28.42,37.26,67.0,115.2,370.0
Moutourwa,2023-07-01,28.24,36.6,67.9,89.28,614.0
Moutourwa,2023-08-01,26.37,34.04,78.8,174.53,910.0
Moutourwa,2023-09-01,26.84,35.55,77.34,130.8,1131.0
Moutourwa,2023-10-01,29.27,38.81,59.41,24.49,1435.0
Moutourwa,2023-11-01,30.01,39.59,33.03,3.6,1139.0
Moutourwa,2023-12-01,26.16,38.38,20.06,0.0,637.0
Moutourwa,2024-01-01,24.7,36.34,14.18,0.0,453.0
Moutourwa,2024-02-01,28.07,43.04,16.25,0.0,285.0
Moutourwa,2024-03-01,33.45,45.2,13.0,0.0,282.0
Moutourwa,2024-04-01,35.34,44.93,21.83,5.1,380.0
Moutourwa,2024-05-01,35.46,45.42,32.46,12.4,358.0
Moutourwa,2024-06-01,29.87,41.31,62.73,130.8,435.0
Moutourwa,2024-07-01,26.89,36.11,76.51,217.93,632.0
Moutourwa,2024-08-01,24.9,30.69,85.89,275.59,1309.0
Moutourwa,2024-09-01,25.95,31.56,81.5,138.3,1473.0
Moutourwa,2024-10-01,26.11,34.11,74.84,66.34,1584.0
Moutourwa,2024-11-01,24.5,35.94,44.77,0.0,1015.0
Moutourwa,2024-12-01,24.57,37.06,27.23,0.0,675.0
Moutourwa,2025-01-01,26.0,39.35,19.88,0.0,512.0
Moutourwa,2025-02-01,28.89,41.25,15.41,0.0,390.0
Moutourwa,2025-03-01,31.99,43.26,12.23,0.0,334.0
Moutourwa,2025-04-01,33.76,44.66,20.49,12.0,287.0
Moutourwa,2025-05-01,34.72,43.77,30.5,8.06,337.0
Moutourwa,2025-06-01,30.71,41.43,54.9,117.9,360.0
Moutourwa,2025-07-01,26.38,34.58,76.85,247.69,445.0
Moutourwa,2025-08-01,25.27,31.31,82.4,244.9,1140.0
Moutourwa,2025-09-01,25.97,32.03,81.04,116.1,1396.0
Moutourwa,2025-10-01,26.76,36.23,67.24,23.56,1605.0
Moutourwa,2025-11-01,27.56,39.23,34.25,0.0,951.0
Moutourwa,2025-12-01,27.63,38.68,21.35,0.0,404.0
Mozogo,2017-01-01,24.86,38.77,22.2,0.0,273.0
Mozogo,2017-02-01,24.9,37.81,13.33,0.84,126.0
Mozogo,2017-03-01,29.12,41.38,12.3,0.0,
Mozogo,2017-04-01,32.95,43.02,25.0,1.8,393.0
Mozogo,2017-05-01,30.34,42.12,53.48,103.85,269.0
Mozogo,2017-06-01,28.19,39.48,64.18,115.8,220.0
Mozogo,2017-07-01,25.71,32.47,77.95,204.91,196.0
Mozogo,2017-08-01,24.78,31.58,82.95,202.12,366.0
Mozogo,2017-09-01,25.45,33.38,78.66,114.3,1232.0
Mozogo,2017-10-01,26.79,36.14,53.24,14.88,986.0
Mozogo,2017-11-01,25.3,37.26,31.53,0.0,548.0
Mozogo,2017-12-01,24.18,36.33,26.43,0.0,500.0
Mozogo,2018-01-01,20.94,33.81,16.82,0.0,228.0
Mozogo,2018-02-01,27.98,40.55,17.01,1.12,100.0
Mozogo,2018-03-01,30.11,40.75,12.23,0.31,42.0
Mozogo,2018-04-01,32.52,42.46,24.75,1.5,44.0
Mozogo,2018-05-01,30.57,41.56,54.16,67.27,
Mozogo,2018-06-01,28.88,39.21,60.11,98.1,10.0
Mozogo,2018-07-01,26.36,34.54,72.86,205.22,48.0
Mozogo,2018-08-01,24.49,30.85,84.34,276.52,
Mozogo,2018-09-01,25.19,32.2,81.63,183.3,
Mozogo,2018-10-01,26.56,34.53,69.3,41.54,
Mozogo,2018-11-01,25.36,35.74,41.09,0.9,
Mozogo,2018-12-01,22.3,34.54,31.84,0.0,
Mozogo,2019-01-01,23.3,37.18,21.32,0.0,134.0
Mozogo,2019-02-01,25.91,39.47,16.76,0.28,205.0
Mozogo,2019-03-01,30.57,42.25,14.63,0.0,246.0
Mozogo,2019-04-01,33.02,43.11,20.29,1.5,138.0
Mozogo,2019-05-01,31.95,42.8,46.06,53.63,247.0
Mozogo,2019-06-01,28.41,38.48,64.69,211.2,257.0
Mozogo,2019-07-01,25.89,33.99,77.13,166.78,72.0
Mozogo,2019-08-01,24.41,30.22,83.45,152.83,447.0
Mozogo,2019-09-01,25.94,33.45,76.74,85.2,745.0
Mozogo,2019-10-01,25.84,34.72,73.65,64.48,485.0
Mozogo,2019-11-01,26.69,36.81,44.46,0.0,652.0
Mozogo,2019-12-01,22.12,34.52,27.06,0.0,786.0
Mozogo,2020-01-01,22.43,36.66,20.76,0.0,550.0
Mozogo,2020-02-01,25.19,39.2,16.72,0.0,328.0
Mozogo,2020-03-01,30.17,41.93,17.55,0.0,216.0
Mozogo,2020-04-01,32.4,42.83,30.99,21.6,247.0
Mozogo,2020-05-01,30.95,41.79,50.49,21.08,394.0
Mozogo,2020-06-01,30.29,40.55,53.94,40.2,212.0
Mozogo,2020-07-01,26.99,38.83,68.45,143.22,205.0
Mozogo,2020-08-01,24.88,32.71,79.85,164.61,905.0
Mozogo,2020-09-01,25.15,33.5,79.66,144.9,1055.0
Mozogo,2020-10-01,26.48,36.05,59.05,22.94,1715.0
Mozogo,2020-11-01,25.21,35.7,40.55,0.3,1273.0
Mozogo,2020-12-01,24.94,36.59,27.9,0.0,889.0
Mozogo,2021-01-01,24.54,37.27,19.66,0.0,771.0
Mozogo,2021-02-01,25.07,37.91,15.39,0.0,847.0
Mozogo,2021-03-01,30.3,41.6,22.32,0.62,752.0
Mozogo,2021-04-01,31.96,43.0,23.2,2.4,586.0
Mozogo,2021-05-01,32.79,42.06,35.24,8.99,577.0
Mozogo,2021-06-01,29.85,40.17,54.45,58.5,633.0
Mozogo,2021-07-01,26.38,37.09,71.95,128.96,797.0
Mozogo,2021-08-01,25.78,34.18,75.62,108.5,2400.0
Mozogo,2021-09-01,26.53,35.49,71.9,67.5,3602.0
Mozogo,2021-10-01,28.57,37.71,55.46,34.1,3444.0
Mozogo,2021-11-01,27.68,37.77,33.87,0.0,2179.0
Mozogo,2021-12-01,24.63,36.18,23.82,0.0,1566.0
Mozogo,2022-01-01,22.83,35.94,21.42,0.0,734.0
Mozogo,2022-02-01,24.16,38.12,14.33,0.0,644.0
Mozogo,2022-03-01,29.63,41.31,12.54,0.0,633.0
Mozogo,2022-04-01,32.11,43.29,34.82,10.8,456.0
Mozogo,2022-05-01,30.65,40.31,51.12,24.49,617.0
Mozogo,2022-06-01,29.39,40.24,55.44,54.0,429.0
Mozogo,2022-07-01,26.68,37.99,70.91,167.09,2416.0
Mozogo,2022-08-01,24.36,32.11,83.8,227.85,3080.0
Mozogo,2022-09-01,25.11,31.98,80.94,195.9,2124.0
Mozogo,2022-10-01,25.9,34.42,64.46,3.41,3129.0
Mozogo,2022-11-01,24.29,35.49,38.41,0.0,2472.0
Mozogo,2022-12-01,22.25,36.26,30.75,0.0,1347.0
Mozogo,2023-01-01,23.77,38.5,23.62,0.0,926.0
Mozogo,2023-02-01,25.69,39.84,16.92,0.0,539.0
Mozogo,2023-03-01,29.88,42.1,16.92,1.24,526.0
Mozogo,2023-04-01,32.84,42.54,26.18,3.6,419.0
Mozogo,2023-05-01,31.75,41.51,45.5,62.31,430.0
Mozogo,2023-06-01,28.88,38.51,60.12,75.3,433.0
Mozogo,2023-07-01,29.06,38.12,58.67,76.26,549.0
Mozogo,2023-08-01,26.85,36.59,71.34,135.16,1364.0
Mozogo,2023-09-01,27.29,37.7,69.61,87.9,2003.0
Mozogo,2023-10-01,29.67,38.62,48.33,12.09,2755.0
Mozogo,2023-11-01,28.72,38.4,32.95,3.3,1620.0
Mozogo,2023-12-01,24.18,37.3,23.27,0.0,832.0
Mozogo,2024-01-01,22.81,35.32,16.75,0.0,602.0
Mozogo,2024-02-01,26.36,42.2,17.5,0.29,641.0
Mozogo,2024-03-01,32.32,44.4,13.22,0.0,627.0
Mozogo,2024-04-01,34.23,44.68,19.89,0.6,393.0
Mozogo,2024-05-01,34.95,43.95,31.5,5.58,317.0
Mozogo,2024-06-01,30.34,41.4,56.04,121.2,377.0
Mozogo,2024-07-01,26.41,36.23,75.63,287.37,651.0
Mozogo,2024-08-01,24.33,29.71,86.85,310.31,1072.0
Mozogo,2024-09-01,25.36,31.7,81.64,111.6,1535.0
Mozogo,2024-10-01,25.47,32.99,72.76,64.79,1281.0
Mozogo,2024-11-01,22.21,33.86,50.48,0.0,1204.0
Mozogo,2024-12-01,21.32,34.39,38.86,0.0,890.0
Mozogo,2025-01-01,23.15,37.01,28.26,0.0,590.0
Mozogo,2025-02-01,26.73,39.71,18.66,0.0,534.0
Mozogo,2025-03-01,30.57,42.5,13.51,0.0,421.0
Mozogo,2025-04-01,32.89,43.64,18.26,4.2,357.0
Mozogo,2025-05-01,34.11,43.54,27.23,5.27,360.0
Mozogo,2025-06-01,31.36,41.72,47.47,57.6,359.0
Mozogo,2025-07-01,26.35,35.63,72.96,257.92,608.0
Mozogo,2025-08-01,25.08,32.62,79.44,194.37,1154.0
Mozogo,2025-09-01,25.8,33.53,78.23,100.2,1316.0
Mozogo,2025-10-01,26.74,36.41,58.91,21.7,1299.0
Mozogo,2025-11-01,25.94,37.44,35.04,0.0,715.0
Mozogo,2025-12-01,25.35,37.14,27.25,0.0,727.0
Pette,2017-01-01,26.76,40.36,17.58,0.0,174.0
Pette,2017-02-01,26.55,39.28,11.62,0.0,114.0
Pette,2017-03-01,30.58,42.65,11.61,0.0,238.0
Pette,2017-04-01,34.47,44.3,23.37,1.8,161.0
Pette,2017-05-01,32.31,43.24,47.01,73.47,159.0
Pette,2017-06-01,29.28,40.35,62.29,90.3,118.0
Pette,2017-07-01,27.18,34.87,73.51,193.13,448.0
Pette,2017-08-01,25.72,32.31,82.19,250.17,672.0
Pette,2017-09-01,26.28,34.0,78.56,113.1,1260.0
Pette,2017-10-01,27.63,37.81,54.77,16.74,1242.0
Pette,2017-11-01,27.31,39.56,26.09,0.0,513.0
Pette,2017-12-01,26.13,38.1,21.2,0.0,317.0
Pette,2018-01-01,22.44,35.23,14.59,0.0,90.0
Pette,2018-02-01,29.29,41.97,15.98,3.36,75.0
Pette,2018-03-01,31.34,42.42,12.25,0.0,53.0
Pette,2018-04-01,33.84,44.44,23.12,5.1,41.0
Pette,2018-05-01,31.93,43.06,51.06,54.87,45.0
Pette,2018-06-01,29.94,41.21,58.7,98.4,66.0
Pette,2018-07-01,27.19,35.24,72.27,230.02,750.0
Pette,2018-08-01,25.46,31.44,83.08,288.61,1421.0
Pette,2018-09-01,25.92,32.54,82.17,162.9,1447.0
Pette,2018-10-01,27.55,37.2,68.93,18.6,1313.0
Pette,2018-11-01,27.3,38.35,36.44,1.5,664.0
Pette,2018-12-01,24.88,37.3,23.18,0.0,462.0
Pette,2019-01-01,25.43,38.85,16.32,0.0,257.0
Pette,2019-02-01,27.45,40.77,14.73,0.28,146.0
Pette,2019-03-01,32.03,43.91,13.81,0.0,184.0
Pette,2019-04-01,34.44,44.5,18.18,0.6,150.0
Pette,2019-05-01,33.35,44.89,43.03,46.81,124.0
Pette,2019-06-01,29.55,39.84,63.46,205.8,191.0
Pette,2019-07-01,26.8,35.26,76.44,153.45,711.0
Pette,2019-08-01,25.41,31.33,82.54,184.45,1930.0
Pette,2019-09-01,26.77,34.83,76.88,87.3,1245.0
Pette,2019-10-01,26.81,35.92,73.34,69.44,1753.0
Pette,2019-11-01,27.49,38.5,45.28,0.0,1633.0
Pette,2019-12-01,24.03,36.52,21.33,0.0,909.0
Pette,2020-01-01,23.92,37.66,18.22,0.0,791.0
Pette,2020-02-01,26.67,40.97,15.21,0.0,443.0
Pette,2020-03-01,31.61,43.24,16.7,0.0,282.0
Pette,2020-04-01,34.09,44.6,26.43,8.7,194.0
Pette,2020-05-01,32.73,43.65,45.37,24.18,141.0
Pette,2020-06-01,32.19,42.34,48.26,37.5,229.0
Pette,2020-07-01,28.27,38.55,65.62,104.78,503.0
Pette,2020-08-01,26.33,34.85,75.81,148.18,1603.0
Pette,2020-09-01,26.13,34.25,78.46,145.5,1439.0
Pette,2020-10-01,27.13,37.08,62.2,35.65,1976.0
Pette,2020-11-01,26.96,37.56,37.29,0.0,1883.0
Pette,2020-12-01,26.57,38.29,24.03,0.0,1978.0
Pette,2021-01-01,25.98,38.72,17.94,0.0,1053.0
Pette,2021-02-01,26.44,39.23,14.2,0.0,655.0
Pette,2021-03-01,31.89,42.97,19.14,0.62,503.0
Pette,2021-04-01,33.36,44.22,20.2,0.9,238.0
Pette,2021-05-01,34.05,43.53,32.07,11.47,183.0
Pette,2021-06-01,31.0,41.17,52.25,54.3,205.0
Pette,2021-07-01,27.55,37.9,69.73,154.07,762.0
Pette,2021-08-01,26.62,34.48,75.48,101.99,1846.0
Pette,2021-09-01,27.55,37.22,71.07,69.3,1772.0
Pette,2021-10-01,29.61,39.32,56.31,32.55,1952.0
Pette,2021-11-01,29.43,39.63,30.03,0.3,1469.0
Pette,2021-12-01,26.28,37.92,21.42,0.0,895.0
Pette,2022-01-01,24.36,37.25,19.96,0.0,843.0
Pette,2022-02-01,25.56,39.43,13.13,0.0,577.0
Pette,2022-03-01,31.01,43.23,11.61,0.0,549.0
Pette,2022-04-01,33.72,44.5,31.09,9.6,377.0
Pette,2022-05-01,32.28,41.43,46.53,25.42,298.0
Pette,2022-06-01,30.54,41.47,53.16,60.9,410.0
Pette,2022-07-01,28.07,39.32,67.46,148.18,1014.0
Pette,2022-08-01,25.44,33.76,81.78,219.48,1413.0
Pette,2022-09-01,25.83,32.66,81.95,212.1,1490.0
Pette,2022-10-01,26.74,35.74,66.48,5.89,1698.0
Pette,2022-11-01,26.13,37.26,34.39,0.0,1442.0
Pette,2022-12-01,24.32,38.3,24.8,0.0,1715.0
Pette,2023-01-01,25.48,39.91,20.41,0.0,976.0
Pette,2023-02-01,27.25,41.22,15.35,0.0,626.0
Pette,2023-03-01,31.17,43.44,16.61,2.79,515.0
Pette,2023-04-01,34.46,43.77,23.09,3.9,442.0
Pette,2023-05-01,33.49,43.4,41.01,48.36,356.0
Pette,2023-06-01,29.6,39.53,61.14,97.8,391.0
Pette,2023-07-01,29.39,38.38,62.42,100.13,830.0
Pette,2023-08-01,27.44,35.96,73.78,141.05,1181.0
Pette,2023-09-01,27.94,37.67,71.95,116.4,1318.0
Pette,2023-10-01,30.41,40.22,51.13,14.88,1520.0
Pette,2023-11-01,30.23,40.03,29.86,2.4,1475.0
Pette,2023-12-01,25.81,38.76,20.93,0.0,1146.0
Pette,2024-01-01,24.21,36.62,15.45,0.0,807.0
Pette,2024-02-01,27.65,43.43,16.68,0.0,740.0
Pette,2024-03-01,33.45,45.77,12.49,0.0,577.0
Pette,2024-04-01,35.57,45.71,18.47,3.9,485.0
Pette,2024-05-01,36.38,46.06,28.1,7.75,421.0
Pette,2024-06-01,31.06,42.42,56.99,114.3,350.0
Pette,2024-07-01,27.55,37.39,73.62,210.49,632.0
Pette,2024-08-01,25.33,31.25,85.09,280.24,1263.0
Pette,2024-09-01,26.35,32.45,80.72,109.2,1030.0
Pette,2024-10-01,26.63,35.34,71.63,60.14,1366.0
Pette,2024-11-01,24.64,36.97,42.02,0.0,1151.0
Pette,2024-12-01,23.95,36.95,29.44,0.0,1450.0
Pette,2025-01-01,25.45,39.13,21.53,0.0,1004.0
Pette,2025-02-01,28.48,41.5,16.24,0.0,588.0
Pette,2025-03-01,31.89,43.56,12.41,0.0,574.0
Pette,2025-04-01,34.05,44.97,18.04,6.3,481.0
Pette,2025-05-01,35.39,44.58,25.96,4.03,384.0
Pette,2025-06-01,32.34,42.69,47.48,67.8,369.0
Pette,2025-07-01,27.6,37.36,70.83,231.88,576.0
Pette,2025-08-01,26.08,33.06,78.47,208.63,1183.0
Pette,2025-09-01,26.55,33.33,79.15,107.7,1088.0
Pette,2025-10-01,27.52,37.51,61.38,14.26,1275.0
Pette,2025-11-01,27.85,39.48,30.4,0.0,850.0
Pette,2025-12-01,27.19,38.91,22.62,0.0,763.0
Roua,2017-01-01,24.86,38.77,22.2,0.0,114.0
Roua,2017-02-01,24.9,37.81,13.33,0.84,114.0
Roua,2017-03-01,29.12,41.38,12.3,0.0,75.0
Roua,2017-04-01,32.95,43.02,25.0,1.8,37.0
Roua,2017-05-01,30.34,42.12,53.48,103.85,25.0
Roua,2017-06-01,28.19,39.48,64.18,115.8,33.0
Roua,2017-07-01,25.71,32.47,77.95,204.91,120.0
Roua,2017-08-01,24.78,31.58,82.95,202.12,431.0
Roua,2017-09-01,25.45,33.38,78.66,114.3,71.0
Roua,2017-10-01,26.79,36.14,53.24,14.88,88.0
Roua,2017-11-01,25.3,37.26,31.53,0.0,86.0
Roua,2017-12-01,24.18,36.33,26.43,0.0,38.0
Roua,2018-01-01,20.94,33.81,16.82,0.0,97.0
Roua,2018-02-01,27.98,40.55,17.01,1.12,43.0
Roua,2018-03-01,30.11,40.75,12.23,0.31,36.0
Roua,2018-04-01,32.52,42.46,24.75,1.5,28.0
Roua,2018-05-01,30.57,41.56,54.16,67.27,24.0
Roua,2018-06-01,28.88,39.21,60.11,98.1,53.0
Roua,2018-07-01,26.36,34.54,72.86,205.22,650.0
Roua,2018-08-01,24.49,30.85,84.34,276.52,507.0
Roua,2018-09-01,25.19,32.2,81.63,183.3,643.0
Roua,2018-10-01,26.56,34.53,69.3,41.54,478.0
Roua,2018-11-01,25.36,35.74,41.09,0.9,493.0
Roua,2018-12-01,22.3,34.54,31.84,0.0,226.0
Roua,2019-01-01,23.3,37.18,21.32,0.0,162.0
Roua,2019-02-01,25.91,39.47,16.76,0.28,213.0
Roua,2019-03-01,30.57,42.25,14.63,0.0,128.0
Roua,2019-04-01,33.02,43.11,20.29,1.5,61.0
Roua,2019-05-01,31.95,42.8,46.06,53.63,73.0
Roua,2019-06-01,28.41,38.48,64.69,211.2,148.0
Roua,2019-07-01,25.89,33.99,77.13,166.78,218.0
Roua,2019-08-01,24.41,30.22,83.45,152.83,741.0
Roua,2019-09-01,25.94,33.45,76.74,85.2,1372.0
Roua,2019-10-01,25.84,34.72,73.65,64.48,1294.0
Roua,2019-11-01,26.69,36.81,44.46,0.0,849.0
Roua,2019-12-01,22.12,34.52,27.06,0.0,855.0
Roua,2020-01-01,22.43,36.66,20.76,0.0,364.0
Roua,2020-02-01,25.19,39.2,16.72,0.0,174.0
Roua,2020-03-01,30.17,41.93,17.55,0.0,197.0
Roua,2020-04-01,32.4,42.83,30.99,21.6,172.0
Roua,2020-05-01,30.95,41.79,50.49,21.08,157.0
Roua,2020-06-01,30.29,40.55,53.94,40.2,133.0
Roua,2020-07-01,26.99,38.83,68.45,143.22,216.0
Roua,2020-08-01,24.88,32.71,79.85,164.61,1398.0
Roua,2020-09-01,25.15,33.5,79.66,144.9,1085.0
Roua,2020-10-01,26.48,36.05,59.05,22.94,904.0
Roua,2020-11-01,25.21,35.7,40.55,0.3,967.0
Roua,2020-12-01,24.94,36.59,27.9,0.0,630.0
Roua,2021-01-01,24.54,37.27,19.66,0.0,470.0
Roua,2021-02-01,25.07,37.91,15.39,0.0,237.0
Roua,2021-03-01,30.3,41.6,22.32,0.62,177.0
Roua,2021-04-01,31.96,43.0,23.2,2.4,103.0
Roua,2021-05-01,32.79,42.06,35.24,8.99,98.0
Roua,2021-06-01,29.85,40.17,54.45,58.5,127.0
Roua,2021-07-01,26.38,37.09,71.95,128.96,252.0
Roua,2021-08-01,25.78,34.18,75.62,108.5,1179.0
Roua,2021-09-01,26.53,35.49,71.9,67.5,1455.0
Roua,2021-10-01,28.57,37.71,55.46,34.1,1074.0
Roua,2021-11-01,27.68,37.77,33.87,0.0,731.0
Roua,2021-12-01,24.63,36.18,23.82,0.0,451.0
Roua,2022-01-01,22.83,35.94,21.42,0.0,365.0
Roua,2022-02-01,24.16,38.12,14.33,0.0,217.0
Roua,2022-03-01,29.63,41.31,12.54,0.0,256.0
Roua,2022-04-01,32.11,43.29,34.82,10.8,212.0
Roua,2022-05-01,30.65,40.31,51.12,24.49,261.0
Roua,2022-06-01,29.39,40.24,55.44,54.0,236.0
Roua,2022-07-01,26.68,37.99,70.91,167.09,1121.0
Roua,2022-08-01,24.36,32.11,83.8,227.85,1020.0
Roua,2022-09-01,25.11,31.98,80.94,195.9,800.0
Roua,2022-10-01,25.9,34.42,64.46,3.41,862.0
Roua,2022-11-01,24.29,35.49,38.41,0.0,625.0
Roua,2022-12-01,22.25,36.26,30.75,0.0,311.0
Roua,2023-01-01,23.77,38.5,23.62,0.0,329.0
Roua,2023-02-01,25.69,39.84,16.92,0.0,249.0
Roua,2023-03-01,29.88,42.1,16.92,1.24,209.0
Roua,2023-04-01,32.84,42.54,26.18,3.6,234.0
Roua,2023-05-01,31.75,41.51,45.5,62.31,200.0
Roua,2023-06-01,28.88,38.51,60.12,75.3,213.0
Roua,2023-07-01,29.06,38.12,58.67,76.26,443.0
Roua,2023-08-01,26.85,36.59,71.34,135.16,613.0
Roua,2023-09-01,27.29,37.7,69.61,87.9,643.0
Roua,2023-10-01,29.67,38.62,48.33,12.09,1278.0
Roua,2023-11-01,28.72,38.4,32.95,3.3,656.0
Roua,2023-12-01,24.18,37.3,23.27,0.0,389.0
Roua,2024-01-01,22.81,35.32,16.75,0.0,584.0
Roua,2024-02-01,26.36,42.2,17.5,0.29,448.0
Roua,2024-03-01,32.32,44.4,13.22,0.0,417.0
Roua,2024-04-01,34.23,44.68,19.89,0.6,435.0
Roua,2024-05-01,34.95,43.95,31.5,5.58,466.0
Roua,2024-06-01,30.34,41.4,56.04,121.2,521.0
Roua,2024-07-01,26.41,36.23,75.63,287.37,662.0
Roua,2024-08-01,24.33,29.71,86.85,310.31,1277.0
Roua,2024-09-01,25.36,31.7,81.64,111.6,2204.0
Roua,2024-10-01,25.47,32.99,72.76,64.79,1404.0
Roua,2024-11-01,22.21,33.86,50.48,0.0,807.0
Roua,2024-12-01,21.32,34.39,38.86,0.0,553.0
Roua,2025-01-01,23.15,37.01,28.26,0.0,523.0
Roua,2025-02-01,26.73,39.71,18.66,0.0,413.0
Roua,2025-03-01,30.57,42.5,13.51,0.0,455.0
Roua,2025-04-01,32.89,43.64,18.26,4.2,371.0
Roua,2025-05-01,34.11,43.54,27.23,5.27,440.0
Roua,2025-06-01,31.36,41.72,47.47,57.6,525.0
Roua,2025-07-01,26.35,35.63,72.96,257.92,545.0
Roua,2025-08-01,25.08,32.62,79.44,194.37,1165.0
Roua,2025-09-01,25.8,33.53,78.23,100.2,1236.0
Roua,2025-10-01,26.74,36.41,58.91,21.7,1082.0
Roua,2025-11-01,25.94,37.44,35.04,0.0,720.0
Roua,2025-12-01,25.35,37.14,27.25,0.0,553.0
Tokombere,2017-01-01,26.76,40.36,17.58,0.0,399.0
Tokombere,2017-02-01,26.55,39.28,11.62,0.0,268.0
Tokombere,2017-03-01,30.58,42.65,11.61,0.0,156.0
Tokombere,2017-04-01,34.47,44.3,23.37,1.8,178.0
Tokombere,2017-05-01,32.31,43.24,47.01,73.47,121.0
Tokombere,2017-06-01,29.28,40.35,62.29,90.3,115.0
Tokombere,2017-07-01,27.18,34.87,73.51,193.13,499.0
Tokombere,2017-08-01,25.72,32.31,82.19,250.17,1547.0
Tokombere,2017-09-01,26.28,34.0,78.56,113.1,3376.0
Tokombere,2017-10-01,27.63,37.81,54.77,16.74,2904.0
Tokombere,2017-11-01,27.31,39.56,26.09,0.0,1002.0
Tokombere,2017-12-01,26.13,38.1,21.2,0.0,355.0
Tokombere,2018-01-01,22.44,35.23,14.59,0.0,345.0
Tokombere,2018-02-01,29.29,41.97,15.98,3.36,169.0
Tokombere,2018-03-01,31.34,42.42,12.25,0.0,179.0
Tokombere,2018-04-01,33.84,44.44,23.12,5.1,205.0
Tokombere,2018-05-01,31.93,43.06,51.06,54.87,123.0
Tokombere,2018-06-01,29.94,41.21,58.7,98.4,132.0
Tokombere,2018-07-01,27.19,35.24,72.27,230.02,1060.0
Tokombere,2018-08-01,25.46,31.44,83.08,288.61,3123.0
Tokombere,2018-09-01,25.92,32.54,82.17,162.9,3622.0
Tokombere,2018-10-01,27.55,37.2,68.93,18.6,2424.0
Tokombere,2018-11-01,27.3,38.35,36.44,1.5,2027.0
Tokombere,2018-12-01,24.88,37.3,23.18,0.0,865.0
Tokombere,2019-01-01,25.43,38.85,16.32,0.0,494.0
Tokombere,2019-02-01,27.45,40.77,14.73,0.28,423.0
Tokombere,2019-03-01,32.03,43.91,13.81,0.0,343.0
Tokombere,2019-04-01,34.44,44.5,18.18,0.6,314.0
Tokombere,2019-05-01,33.35,44.89,43.03,46.81,233.0
Tokombere,2019-06-01,29.55,39.84,63.46,205.8,325.0
Tokombere,2019-07-01,26.8,35.26,76.44,153.45,718.0
Tokombere,2019-08-01,25.41,31.33,82.54,184.45,2874.0
Tokombere,2019-09-01,26.77,34.83,76.88,87.3,5080.0
Tokombere,2019-10-01,26.81,35.92,73.34,69.44,5258.0
Tokombere,2019-11-01,27.49,38.5,45.28,0.0,3760.0
Tokombere,2019-12-01,24.03,36.52,21.33,0.0,1852.0
Tokombere,2020-01-01,23.92,37.66,18.22,0.0,1108.0
Tokombere,2020-02-01,26.67,40.97,15.21,0.0,705.0
Tokombere,2020-03-01,31.61,43.24,16.7,0.0,643.0
Tokombere,2020-04-01,34.09,44.6,26.43,8.7,555.0
Tokombere,2020-05-01,32.73,43.65,45.37,24.18,358.0
Tokombere,2020-06-01,32.19,42.34,48.26,37.5,511.0
Tokombere,2020-07-01,28.27,38.55,65.62,104.78,661.0
Tokombere,2020-08-01,26.33,34.85,75.81,148.18,4560.0
Tokombere,2020-09-01,26.13,34.25,78.46,145.5,4957.0
Tokombere,2020-10-01,27.13,37.08,62.2,35.65,4434.0
Tokombere,2020-11-01,26.96,37.56,37.29,0.0,3375.0
Tokombere,2020-12-01,26.57,38.29,24.03,0.0,3070.0
Tokombere,2021-01-01,25.98,38.72,17.94,0.0,2397.0
Tokombere,2021-02-01,26.44,39.23,14.2,0.0,1905.0
Tokombere,2021-03-01,31.89,42.97,19.14,0.62,1234.0
Tokombere,2021-04-01,33.36,44.22,20.2,0.9,959.0
Tokombere,2021-05-01,34.05,43.53,32.07,11.47,669.0
Tokombere,2021-06-01,31.0,41.17,52.25,54.3,562.0
Tokombere,2021-07-01,27.55,37.9,69.73,154.07,1221.0
Tokombere,2021-08-01,26.62,34.48,75.48,101.99,4592.0
Tokombere,2021-09-01,27.55,37.22,71.07,69.3,5371.0
Tokombere,2021-10-01,29.61,39.32,56.31,32.55,4864.0
Tokombere,2021-11-01,29.43,39.63,30.03,0.3,2573.0
Tokombere,2021-12-01,26.28,37.92,21.42,0.0,1655.0
Tokombere,2022-01-01,24.36,37.25,19.96,0.0,1529.0
Tokombere,2022-02-01,25.56,39.43,13.13,0.0,979.0
Tokombere,2022-03-01,31.01,43.23,11.61,0.0,857.0
Tokombere,2022-04-01,33.72,44.5,31.09,9.6,581.0
Tokombere,2022-05-01,32.28,41.43,46.53,25.42,589.0
Tokombere,2022-06-01,30.54,41.47,53.16,60.9,584.0
Tokombere,2022-07-01,28.07,39.32,67.46,148.18,2687.0
Tokombere,2022-08-01,25.44,33.76,81.78,219.48,4873.0
Tokombere,2022-09-01,25.83,32.66,81.95,212.1,4286.0
Tokombere,2022-10-01,26.74,35.74,66.48,5.89,2830.0
Tokombere,2022-11-01,26.13,37.26,34.39,0.0,1595.0
Tokombere,2022-12-01,24.32,38.3,24.8,0.0,1116.0
Tokombere,2023-01-01,25.48,39.91,20.41,0.0,760.0
Tokombere,2023-02-01,27.25,41.22,15.35,0.0,603.0
Tokombere,2023-03-01,31.17,43.44,16.61,2.79,625.0
Tokombere,2023-04-01,34.46,43.77,23.09,3.9,462.0
Tokombere,2023-05-01,33.49,43.4,41.01,48.36,415.0
Tokombere,2023-06-01,29.6,39.53,61.14,97.8,508.0
Tokombere,2023-07-01,29.39,38.38,62.42,100.13,685.0
Tokombere,2023-08-01,27.44,35.96,73.78,141.05,1411.0
Tokombere,2023-09-01,27.94,37.67,71.95,116.4,1696.0
Tokombere,2023-10-01,30.41,40.22,51.13,14.88,1868.0
Tokombere,2023-11-01,30.23,40.03,29.86,2.4,1367.0
Tokombere,2023-12-01,25.81,38.76,20.93,0.0,756.0
Tokombere,2024-01-01,24.21,36.62,15.45,0.0,506.0
Tokombere,2024-02-01,27.65,43.43,16.68,0.0,417.0
Tokombere,2024-03-01,33.45,45.77,12.49,0.0,377.0
Tokombere,2024-04-01,35.57,45.71,18.47,3.9,331.0
Tokombere,2024-05-01,36.38,46.06,28.1,7.75,253.0
Tokombere,2024-06-01,31.06,42.42,56.99,114.3,363.0
Tokombere,2024-07-01,27.55,37.39,73.62,210.49,636.0
Tokombere,2024-08-01,25.33,31.25,85.09,280.24,1760.0
Tokombere,2024-09-01,26.35,32.45,80.72,109.2,2303.0
Tokombere,2024-10-01,26.63,35.34,71.63,60.14,1821.0
Tokombere,2024-11-01,24.64,36.97,42.02,0.0,1454.0
Tokombere,2024-12-01,23.95,36.95,29.44,0.0,1228.0
Tokombere,2025-01-01,25.45,39.13,21.53,0.0,791.0
Tokombere,2025-02-01,28.48,41.5,16.24,0.0,570.0
Tokombere,2025-03-01,31.89,43.56,12.41,0.0,424.0
Tokombere,2025-04-01,34.05,44.97,18.04,6.3,239.0
Tokombere,2025-05-01,35.39,44.58,25.96,4.03,322.0
Tokombere,2025-06-01,32.34,42.69,47.48,67.8,361.0
Tokombere,2025-07-01,27.6,37.36,70.83,231.88,484.0
Tokombere,2025-08-01,26.08,33.06,78.47,208.63,1459.0
Tokombere,2025-09-01,26.55,33.33,79.15,107.7,2032.0
Tokombere,2025-10-01,27.52,37.51,61.38,14.26,1781.0
Tokombere,2025-11-01,27.85,39.48,30.4,0.0,847.0
Tokombere,2025-12-01,27.19,38.91,22.62,0.0,438.0
Vele,2017-01-01,28.01,41.11,16.94,0.0,120.0
Vele,2017-02-01,27.88,40.06,11.68,0.0,160.0
Vele,2017-03-01,31.66,43.26,11.91,0.0,165.0
Vele,2017-04-01,34.64,44.26,30.2,10.5,122.0
Vele,2017-05-01,31.53,42.05,53.08,84.63,128.0
Vele,2017-06-01,28.63,39.57,68.29,107.7,151.0
Vele,2017-07-01,26.47,34.09,79.43,214.52,80.0
Vele,2017-08-01,25.52,31.08,84.76,292.64,229.0
Vele,2017-09-01,25.99,32.39,82.14,138.3,456.0
Vele,2017-10-01,27.44,37.28,64.71,22.01,
Vele,2017-11-01,28.29,40.17,32.99,0.0,314.0
Vele,2017-12-01,27.31,39.03,20.38,0.0,177.0
Vele,2018-01-01,23.85,36.57,13.94,0.0,230.0
Vele,2018-02-01,30.2,42.05,15.75,3.64,169.0
Vele,2018-03-01,32.4,42.9,14.45,0.31,90.0
Vele,2018-04-01,34.41,43.89,27.24,7.2,344.0
Vele,2018-05-01,30.38,43.05,61.3,91.14,69.0
Vele,2018-06-01,28.57,38.2,68.07,136.8,82.0
Vele,2018-07-01,26.63,34.03,77.66,212.04,411.0
Vele,2018-08-01,25.4,31.41,84.74,303.8,456.0
Vele,2018-09-01,26.0,32.89,83.38,168.9,571.0
Vele,2018-10-01,27.29,36.97,73.47,20.77,842.0
Vele,2018-11-01,27.83,39.19,44.83,6.0,352.0
Vele,2018-12-01,26.5,38.73,21.2,0.0,194.0
Vele,2019-01-01,26.93,40.04,15.51,0.0,220.0
Vele,2019-02-01,28.66,41.75,14.82,0.28,293.0
Vele,2019-03-01,33.3,44.4,14.75,0.0,355.0
Vele,2019-04-01,35.03,45.1,20.47,0.9,317.0
Vele,2019-05-01,32.88,44.7,47.38,62.31,160.0
Vele,2019-06-01,29.09,39.63,68.09,235.8,158.0
Vele,2019-07-01,26.44,34.7,80.59,182.9,1029.0
Vele,2019-08-01,25.22,30.68,84.89,192.2,952.0
Vele,2019-09-01,26.34,33.61,81.23,113.1,1054.0
Vele,2019-10-01,26.24,34.51,79.08,89.28,912.0
Vele,2019-11-01,26.94,37.78,54.38,0.0,848.0
Vele,2019-12-01,25.29,37.81,22.69,0.0,392.0
Vele,2020-01-01,25.05,38.13,18.23,0.0,324.0
Vele,2020-02-01,28.01,42.02,15.1,0.0,289.0
Vele,2020-03-01,32.48,43.89,17.86,0.62,404.0
Vele,2020-04-01,34.48,43.77,29.3,9.0,382.0
Vele,2020-05-01,32.16,43.87,51.65,46.5,323.0
Vele,2020-06-01,30.96,41.1,55.45,54.0,173.0
Vele,2020-07-01,27.63,37.34,71.04,117.49,428.0
Vele,2020-08-01,26.05,34.23,79.35,163.37,920.0
Vele,2020-09-01,25.65,32.31,83.16,182.4,816.0
Vele,2020-10-01,26.66,36.54,69.9,39.06,866.0
Vele,2020-11-01,27.49,37.92,42.45,0.9,926.0
Vele,2020-12-01,27.59,39.1,24.28,0.0,491.0
Vele,2021-01-01,27.1,39.25,17.7,0.0,449.0
Vele,2021-02-01,27.71,40.36,14.12,0.0,502.0
Vele,2021-03-01,32.86,43.35,20.57,0.62,469.0
Vele,2021-04-01,34.0,44.12,22.69,2.7,281.0
Vele,2021-05-01,33.75,43.4,38.57,19.22,267.0
Vele,2021-06-01,30.07,41.44,59.37,76.2,243.0
Vele,2021-07-01,26.45,36.53,77.57,162.44,726.0
Vele,2021-08-01,25.98,32.71,80.93,144.15,1225.0
Vele,2021-09-01,26.52,34.8,79.24,114.9,1159.0
Vele,2021-10-01,28.48,38.45,67.09,41.23,1317.0
Vele,2021-11-01,29.92,39.85,39.19,0.3,983.0
Vele,2021-12-01,27.39,38.95,22.09,0.0,522.0
Vele,2022-01-01,25.77,38.28,19.42,0.0,615.0
Vele,2022-02-01,26.89,40.2,12.94,0.0,495.0
Vele,2022-03-01,32.16,43.68,12.37,0.0,513.0
Vele,2022-04-01,33.69,44.19,34.58,13.5,314.0
Vele,2022-05-01,30.73,40.73,57.41,79.67,291.0
Vele,2022-06-01,29.29,39.89,62.05,96.3,379.0
Vele,2022-07-01,27.09,37.02,74.59,144.15,834.0
Vele,2022-08-01,25.26,31.88,84.64,234.36,965.0
Vele,2022-09-01,25.82,32.32,83.45,288.0,867.0
Vele,2022-10-01,26.43,35.51,73.05,16.74,1090.0
Vele,2022-11-01,26.85,37.53,39.77,0.0,837.0
Vele,2022-12-01,25.6,38.87,24.55,0.0,654.0
Vele,2023-01-01,26.81,41.13,19.95,0.0,579.0
Vele,2023-02-01,28.56,41.7,15.0,0.0,434.0
Vele,2023-03-01,32.13,43.88,17.74,0.93,398.0
Vele,2023-04-01,35.13,44.29,25.33,3.0,387.0
Vele,2023-05-01,32.74,42.76,48.52,115.01,431.0
Vele,2023-06-01,28.81,38.04,68.12,117.6,330.0
Vele,2023-07-01,28.74,36.78,68.59,82.46,871.0
Vele,2023-08-01,26.77,33.8,79.8,165.54,1013.0
Vele,2023-09-01,27.42,36.39,77.19,113.1,833.0
Vele,2023-10-01,29.89,40.11,59.99,26.04,1230.0
Vele,2023-11-01,30.95,40.5,34.44,3.9,784.0
Vele,2023-12-01,27.16,39.52,20.1,0.0,451.0
Vele,2024-01-01,25.53,37.5,14.57,0.0,589.0
Vele,2024-02-01,29.1,44.09,16.41,0.0,554.0
Vele,2024-03-01,34.26,46.38,13.61,0.0,777.0
Vele,2024-04-01,36.47,45.43,21.88,5.4,836.0
Vele,2024-05-01,36.39,46.81,31.07,14.26,619.0
Vele,2024-06-01,30.19,42.06,63.35,124.8,592.0
Vele,2024-07-01,27.43,36.7,76.64,212.66,856.0
Vele,2024-08-01,25.44,31.09,85.71,271.56,1125.0
Vele,2024-09-01,26.42,32.11,81.93,137.7,1184.0
Vele,2024-10-01,26.62,34.97,75.63,66.96,1505.0
Vele,2024-11-01,25.55,37.19,45.54,0.0,1193.0
Vele,2024-12-01,25.63,38.17,27.06,0.0,1309.0
Vele,2025-01-01,26.95,41.13,20.26,0.0,924.0
Vele,2025-02-01,29.74,42.58,15.78,0.0,775.0
Vele,2025-03-01,32.78,43.91,12.54,0.0,623.0
Vele,2025-04-01,34.63,45.6,20.9,11.7,495.0
Vele,2025-05-01,35.6,44.79,30.76,8.37,450.0
Vele,2025-06-01,31.14,42.5,55.6,122.7,544.0
Vele,2025-07-01,26.74,34.82,77.88,235.29,597.0
Vele,2025-08-01,25.71,31.97,82.9,250.17,1071.0
Vele,2025-09-01,26.39,32.44,81.7,115.2,1288.0
Vele,2025-10-01,27.27,37.17,68.52,20.15,1402.0
Vele,2025-11-01,28.4,40.15,35.23,0.0,1144.0
Vele,2025-12-01,28.5,39.69,21.74,0.0,987.0
Waza,2017-01-01,26.88,41.14,17.76,0.0,64.0
Waza,2017-02-01,26.58,39.75,11.87,0.0,16.0
Waza,2017-03-01,30.82,43.88,11.8,0.0,85.0
Waza,2017-04-01,34.92,44.98,20.0,0.3,32.0
Waza,2017-05-01,33.81,44.97,41.45,41.85,45.0
Waza,2017-06-01,30.43,42.41,58.52,90.9,54.0
Waza,2017-07-01,28.19,37.5,69.65,151.28,37.0
Waza,2017-08-01,26.68,34.72,78.14,174.84,115.0
Waza,2017-09-01,27.56,37.22,72.72,86.1,179.0
Waza,2017-10-01,28.66,39.87,46.23,10.85,215.0
Waza,2017-11-01,28.22,40.59,20.67,0.0,43.0
Waza,2017-12-01,26.54,38.85,20.37,0.0,45.0
Waza,2018-01-01,22.5,35.61,15.36,0.0,12.0
Waza,2018-02-01,29.58,42.52,15.52,0.84,23.0
Waza,2018-03-01,31.68,43.2,11.2,0.0,28.0
Waza,2018-04-01,34.39,45.54,19.75,2.1,2.0
Waza,2018-05-01,33.79,44.1,43.93,27.9,51.0
Waza,2018-06-01,31.54,43.4,52.8,67.5,69.0
Waza,2018-07-01,28.24,37.31,68.29,198.71,16.0
Waza,2018-08-01,26.19,32.98,80.9,241.18,4.0
Waza,2018-09-01,26.39,33.04,81.28,142.8,14.0
Waza,2018-10-01,28.35,38.6,64.42,12.71,4.0
Waza,2018-11-01,27.95,39.3,29.67,0.3,54.0
Waza,2018-12-01,25.21,37.77,22.2,0.0,0.0
Waza,2019-01-01,25.43,39.24,16.69,0.0,34.0
Waza,2019-02-01,27.36,40.11,14.81,0.0,96.0
Waza,2019-03-01,32.2,44.57,13.53,0.0,87.0
Waza,2019-04-01,34.92,45.1,16.16,0.6,32.0
Waza,2019-05-01,34.68,45.9,38.64,26.97,104.0
Waza,2019-06-01,30.58,41.38,59.96,138.6,74.0
Waza,2019-07-01,28.27,37.94,69.38,110.36,191.0
Waza,2019-08-01,26.48,34.07,78.04,164.92,148.0
Waza,2019-09-01,28.08,38.36,70.89,60.0,259.0
Waza,2019-10-01,27.88,37.47,68.55,55.49,379.0
Waza,2019-11-01,28.56,39.92,37.91,0.0,366.0
Waza,2019-12-01,24.44,36.91,19.93,0.0,194.0
Waza,2020-01-01,24.09,38.26,18.42,0.0,155.0
Waza,2020-02-01,26.69,41.3,15.34,0.0,120.0
Waza,2020-03-01,31.94,43.83,16.14,0.0,76.0
Waza,2020-04-01,34.7,45.88,22.59,4.8,71.0
Waza,2020-05-01,34.05,44.64,38.62,9.61,66.0
Waza,2020-06-01,33.38,43.29,44.89,38.7,71.0
Waza,2020-07-01,29.04,39.79,63.87,89.28,173.0
Waza,2020-08-01,27.02,35.56,74.38,150.04,386.0
Waza,2020-09-01,26.87,35.74,76.15,108.9,409.0
Waza,2020-10-01,27.78,38.57,58.69,24.8,568.0
Waza,2020-11-01,27.31,38.61,34.83,0.0,581.0
Waza,2020-12-01,26.8,39.28,23.72,0.0,570.0
Waza,2021-01-01,26.15,39.06,18.34,0.0,488.0
Waza,2021-02-01,26.52,39.58,14.66,0.0,520.0
Waza,2021-03-01,32.09,43.68,17.41,0.0,543.0
Waza,2021-04-01,33.64,44.81,17.55,0.0,426.0
Waza,2021-05-01,34.98,44.51,27.39,6.82,238.0
Waza,2021-06-01,32.12,42.34,48.65,41.7,352.0
Waza,2021-07-01,28.78,39.9,65.35,134.23,340.0
Waza,2021-08-01,27.53,36.58,72.92,75.64,738.0
Waza,2021-09-01,28.42,38.82,68.35,56.1,687.0
Waza,2021-10-01,30.53,40.61,49.34,24.8,579.0
Waza,2021-11-01,29.76,40.65,25.61,0.0,461.0
Waza,2021-12-01,26.42,38.13,21.26,0.0,394.0
Waza,2022-01-01,24.32,37.64,20.36,0.0,379.0
Waza,2022-02-01,25.64,39.92,13.46,0.0,270.0
Waza,2022-03-01,31.19,43.82,11.38,0.0,283.0
Waza,2022-04-01,34.68,45.41,27.02,3.9,302.0
Waza,2022-05-01,33.75,42.5,40.32,14.26,260.0
Waza,2022-06-01,31.85,42.8,48.26,45.0,262.0
Waza,2022-07-01,28.9,40.7,65.3,147.87,357.0
Waza,2022-08-01,25.93,35.25,80.6,212.35,393.0
Waza,2022-09-01,26.26,33.13,81.43,142.8,384.0
Waza,2022-10-01,27.48,36.84,61.54,4.65,513.0
Waza,2022-11-01,26.57,38.71,30.92,0.0,445.0
Waza,2022-12-01,24.63,38.98,24.13,0.0,262.0
Waza,2023-01-01,25.61,40.58,20.66,0.0,276.0
Waza,2023-02-01,27.34,41.61,15.75,0.0,251.0
Waza,2023-03-01,31.44,43.79,16.27,6.51,291.0
Waza,2023-04-01,34.88,44.6,21.13,8.4,164.0
Waza,2023-05-01,34.84,44.37,35.61,24.49,207.0
Waza,2023-06-01,30.54,40.61,58.26,76.5,153.0
Waza,2023-07-01,30.44,39.7,58.95,95.48,231.0
Waza,2023-08-01,28.34,37.65,70.84,121.21,271.0
Waza,2023-09-01,28.99,39.44,68.14,80.7,282.0
Waza,2023-10-01,31.26,41.39,45.13,11.16,353.0
Waza,2023-11-01,30.8,40.89,26.83,1.2,288.0
Waza,2023-12-01,25.99,39.52,21.32,0.0,204.0
Waza,2024-01-01,24.32,37.09,16.37,0.0,373.0
Waza,2024-02-01,27.75,44.0,16.78,0.0,311.0
Waza,2024-03-01,33.73,46.38,11.96,0.0,144.0
Waza,2024-04-01,35.95,46.54,15.45,2.4,170.0
Waza,2024-05-01,37.17,46.94,24.72,5.89,121.0
Waza,2024-06-01,32.35,42.44,52.4,98.4,127.0
Waza,2024-07-01,28.52,38.69,70.29,159.65,337.0
Waza,2024-08-01,26.03,33.18,83.28,248.0,315.0
Waza,2024-09-01,26.96,34.37,79.27,81.3,206.0
Waza,2024-10-01,27.51,37.28,66.31,43.4,276.0
Waza,2024-11-01,25.3,38.56,37.36,0.0,368.0
Waza,2024-12-01,24.15,38.1,28.92,0.0,260.0
Waza,2025-01-01,25.52,39.5,22.09,0.0,321.0
Waza,2025-02-01,28.58,41.84,16.75,0.0,306.0
Waza,2025-03-01,32.23,44.15,12.53,0.0,183.0
Waza,2025-04-01,34.63,45.89,16.04,1.8,156.0
Waza,2025-05-01,35.99,45.64,22.97,6.51,129.0
Waza,2025-06-01,33.78,43.86,42.36,58.2,276.0
Waza,2025-07-01,28.65,39.11,66.77,175.77,383.0
Waza,2025-08-01,27.03,34.7,74.56,165.23,371.0
Waza,2025-09-01,27.31,35.95,76.18,99.3,274.0
Waza,2025-10-01,28.23,39.15,55.65,12.71,282.0
Waza,2025-11-01,28.43,40.09,27.21,0.0,229.0
Waza,2025-12-01,27.34,39.89,22.83,0.0,167.0
Yagoua,2017-01-01,28.29,40.8,16.85,0.0,360.0
Yagoua,2017-02-01,28.18,40.1,11.54,0.0,441.0
Yagoua,2017-03-01,31.86,43.33,12.33,0.0,1172.0
Yagoua,2017-04-01,33.85,43.96,35.88,27.6,675.0
Yagoua,2017-05-01,30.72,40.59,56.44,93.93,863.0
Yagoua,2017-06-01,28.25,39.67,69.05,124.8,542.0
Yagoua,2017-07-01,25.77,32.91,82.95,231.26,1723.0
Yagoua,2017-08-01,25.18,30.48,85.78,234.36,932.0
Yagoua,2017-09-01,25.67,32.02,82.95,157.5,1958.0
Yagoua,2017-10-01,26.91,35.93,69.73,32.24,2814.0
Yagoua,2017-11-01,28.25,39.14,41.28,0.3,1505.0
Yagoua,2017-12-01,27.4,39.11,21.87,0.0,898.0
Yagoua,2018-01-01,24.15,36.72,13.49,0.0,531.0
Yagoua,2018-02-01,30.24,41.77,15.96,4.76,460.0
Yagoua,2018-03-01,32.57,42.97,16.51,0.31,340.0
Yagoua,2018-04-01,34.01,43.08,30.69,7.8,346.0
Yagoua,2018-05-01,29.77,41.94,63.51,121.52,337.0
Yagoua,2018-06-01,27.81,36.92,71.77,174.6,433.0
Yagoua,2018-07-01,26.0,32.21,80.95,177.32,2067.0
Yagoua,2018-08-01,25.03,31.15,86.0,305.04,2959.0
Yagoua,2018-09-01,25.72,32.32,84.11,182.4,4004.0
Yagoua,2018-10-01,26.81,34.72,76.3,24.18,2907.0
Yagoua,2018-11-01,27.56,38.49,51.21,8.4,2037.0
Yagoua,2018-12-01,26.38,38.14,23.41,0.0,1461.0
Yagoua,2019-01-01,27.26,39.99,15.47,0.0,1730.0
Yagoua,2019-02-01,28.91,41.53,15.04,0.28,1414.0
Yagoua,2019-03-01,33.4,44.33,15.85,0.0,1550.0
Yagoua,2019-04-01,34.88,44.97,24.09,1.8,1389.0
Yagoua,2019-05-01,32.22,43.68,49.32,67.89,1155.0
Yagoua,2019-06-01,28.53,38.71,69.71,228.0,1392.0
Yagoua,2019-07-01,26.08,33.68,82.04,212.97,2891.0
Yagoua,2019-08-01,24.78,30.19,86.45,248.93,3359.0
Yagoua,2019-09-01,25.86,32.12,83.03,124.5,4244.0
Yagoua,2019-10-01,25.67,32.55,82.15,104.16,4960.0
Yagoua,2019-11-01,26.15,36.14,59.89,0.0,4958.0
Yagoua,2019-12-01,25.02,37.45,28.21,0.0,3067.0
Yagoua,2020-01-01,25.13,38.04,18.73,0.0,2462.0
Yagoua,2020-02-01,28.26,42.09,15.14,0.0,1924.0
Yagoua,2020-03-01,32.33,43.29,19.12,2.48,1658.0
Yagoua,2020-04-01,33.89,42.98,33.97,12.0,1386.0
Yagoua,2020-05-01,31.3,41.89,55.16,73.47,1112.0
Yagoua,2020-06-01,29.67,39.03,61.26,79.2,970.0
Yagoua,2020-07-01,26.91,36.28,73.65,126.17,2314.0
Yagoua,2020-08-01,25.55,33.38,80.92,168.02,4704.0
Yagoua,2020-09-01,25.3,31.27,84.43,168.6,4026.0
Yagoua,2020-10-01,26.64,36.59,69.97,35.03,4866.0
Yagoua,2020-11-01,27.55,37.68,43.6,2.7,3809.0
Yagoua,2020-12-01,27.71,38.95,24.73,0.0,2440.0
Yagoua,2021-01-01,27.26,39.32,17.45,0.0,1933.0
Yagoua,2021-02-01,27.95,40.62,13.91,0.0,1590.0
Yagoua,2021-03-01,32.67,42.66,22.92,1.55,1576.0
Yagoua,2021-04-01,33.76,43.85,26.21,5.4,957.0
Yagoua,2021-05-01,32.83,42.39,44.14,36.89,921.0
Yagoua,2021-06-01,29.54,41.59,61.01,100.5,857.0
Yagoua,2021-07-01,25.52,35.48,82.64,222.58,2469.0
Yagoua,2021-08-01,25.25,31.02,84.72,184.76,5326.0
Yagoua,2021-09-01,25.71,31.79,83.9,156.3,5306.0
Yagoua,2021-10-01,27.11,34.99,75.07,47.43,5963.0
Yagoua,2021-11-01,28.7,38.88,49.61,1.2,4343.0
Yagoua,2021-12-01,27.3,38.45,24.65,0.0,2703.0
Yagoua,2022-01-01,26.14,38.39,19.21,0.0,2170.0
Yagoua,2022-02-01,27.19,40.34,12.75,0.0,1604.0
Yagoua,2022-03-01,32.2,43.12,13.63,0.0,1481.0
Yagoua,2022-04-01,32.95,43.67,37.92,19.5,1393.0
Yagoua,2022-05-01,29.94,39.9,60.48,106.95,1473.0
Yagoua,2022-06-01,28.51,38.83,65.47,128.1,1412.0
Yagoua,2022-07-01,25.92,34.55,80.67,186.31,4071.0
Yagoua,2022-08-01,24.72,30.31,86.84,231.57,5325.0
Yagoua,2022-09-01,25.51,31.54,84.79,399.3,5249.0
Yagoua,2022-10-01,25.67,33.19,78.21,38.13,5412.0
Yagoua,2022-11-01,25.84,35.63,50.38,0.0,4701.0
Yagoua,2022-12-01,25.19,37.43,29.51,0.0,3010.0
Yagoua,2023-01-01,26.9,41.15,20.72,0.0,2548.0
Yagoua,2023-02-01,28.72,41.7,14.95,0.0,1905.0
Yagoua,2023-03-01,32.06,43.16,18.6,3.72,1920.0
Yagoua,2023-04-01,34.88,43.87,28.55,2.4,1765.0
Yagoua,2023-05-01,32.0,42.2,51.98,173.29,1534.0
Yagoua,2023-06-01,28.05,35.71,71.45,118.8,1541.0
Yagoua,2023-07-01,28.19,35.53,70.61,94.55,4681.0
Yagoua,2023-08-01,26.05,32.05,83.52,201.19,7611.0
Yagoua,2023-09-01,26.61,34.42,81.4,120.3,5571.0
Yagoua,2023-10-01,28.97,38.5,65.55,37.82,6009.0
Yagoua,2023-11-01,30.43,39.95,41.89,6.9,4602.0
Yagoua,2023-12-01,27.48,39.33,20.56,0.0,7868.0
Yagoua,2024-01-01,25.72,37.83,13.98,0.0,2852.0
Yagoua,2024-02-01,29.52,43.9,16.27,0.0,1935.0
Yagoua,2024-03-01,34.37,46.1,14.66,0.31,2237.0
Yagoua,2024-04-01,36.3,44.87,25.68,3.3,1741.0
Yagoua,2024-05-01,35.85,46.31,33.34,14.88,2643.0
Yagoua,2024-06-01,30.05,41.56,62.32,128.1,1559.0
Yagoua,2024-07-01,27.41,36.39,74.78,175.77,2480.0
Yagoua,2024-08-01,25.4,32.04,84.18,254.82,5210.0
Yagoua,2024-09-01,26.18,31.58,82.5,155.4,5057.0
Yagoua,2024-10-01,26.37,33.86,77.64,69.13,5281.0
Yagoua,2024-11-01,25.51,36.83,48.41,0.0,3337.0
Yagoua,2024-12-01,25.77,38.07,28.26,0.0,2781.0
Yagoua,2025-01-01,27.3,41.24,19.82,0.0,3415.0
Yagoua,2025-02-01,30.03,42.33,15.58,0.0,2271.0
Yagoua,2025-03-01,32.83,43.91,12.45,0.0,1958.0
Yagoua,2025-04-01,34.62,45.38,22.91,16.8,1060.0
Yagoua,2025-05-01,34.97,44.39,34.77,14.88,1360.0
Yagoua,2025-06-01,30.52,42.48,57.83,187.2,1245.0
Yagoua,2025-07-01,25.85,32.08,82.5,216.69,2438.0
Yagoua,2025-08-01,25.21,31.13,84.69,206.46,4543.0
Yagoua,2025-09-01,26.1,32.02,82.27,141.9,5366.0
Yagoua,2025-10-01,26.88,36.06,71.43,34.72,5781.0
Yagoua,2025-11-01,28.22,39.51,39.83,0.3,4347.0
Yagoua,2025-12-01,28.66,39.65,22.23,0.0,2871.0
